date,apple_driving,apple_walking,citymapper,google_retail_recreation,google_grocery_pharmacy,google_parks,google_transit,google_workplaces,google_residential,tomtom
2019-12-30,,,,,,,,,,95.65217391304348
2019-12-31,,,,,,,,,,100.0
2020-01-01,,,,,,,,,,30.434782608695656
2020-01-02,,,,,,,,,,87.5
2020-01-03,,,,,,,,,,107.4074074074074
2020-01-04,,,,,,,,,,105.26315789473684
2020-01-05,,,,,,,,,,112.5
2020-01-06,,,,,,,,,,130.43478260869566
2020-01-07,,,,,,,,,,125.0
2020-01-08,,,,,,,,,,121.7391304347826
2020-01-09,,,,,,,,,,120.83333333333333
2020-01-10,,,,,,,,,,125.92592592592592
2020-01-11,,,,,,,,,,121.05263157894736
2020-01-12,,,,,,,,,,137.5
2020-01-13,100.0,100.0,,,,,,,,126.08695652173913
2020-01-14,106.79,109.2,,,,,,,,129.16666666666666
2020-01-15,111.3,114.16,,,,,,,,143.47826086956522
2020-01-16,116.0,117.93,,,,,,,,141.66666666666669
2020-01-17,138.02,143.42,,,,,,,,148.14814814814815
2020-01-18,129.52,127.53,,,,,,,,184.21052631578948
2020-01-19,116.02,113.68,,,,,,,,200.0
2020-01-20,118.3,127.75,,,,,,,,169.56521739130434
2020-01-21,114.27,120.06,,,,,,,,154.16666666666666
2020-01-22,108.7,110.21,,,,,,,,134.78260869565216
2020-01-23,95.34,92.92,,,,,,,,104.16666666666666
2020-01-24,82.73,66.38,,,,,,,,66.66666666666667
2020-01-25,75.22,52.37,,,,,,,,110.52631578947368
2020-01-26,77.2,58.63,,,,,,,,125.0
2020-01-27,71.15,55.42,,,,,,,,21.739130434782595
2020-01-28,69.52,56.55,,,,,,,,20.833333333333343
2020-01-29,68.28,55.99,,,,,,,,30.434782608695656
2020-01-30,65.19,50.6,,,,,,,,37.5
2020-01-31,65.86,52.98,,,,,,,,37.03703703703704
2020-02-01,65.95,46.35,,,,,,,,42.10526315789473
2020-02-02,63.83,46.4,,,,,,,,37.5
2020-02-03,66.47,46.9,,,,,,,,73.91304347826087
2020-02-04,67.04,49.33,,,,,,,,62.5
2020-02-05,60.53,44.48,,,,,,,,65.21739130434784
2020-02-06,64.82,47.15,,,,,,,,58.33333333333333
2020-02-07,73.26,53.91,,,,,,,,55.55555555555556
2020-02-08,68.55,47.96,,,,,,,,52.63157894736842
2020-02-09,69.67,47.57,,,,,,,,37.5
2020-02-10,64.46,45.78,,,,,,,,73.91304347826087
2020-02-11,64.37,45.74,,,,,,,,70.83333333333333
2020-02-12,63.81,44.96,,,,,,,,69.56521739130434
2020-02-13,68.84,51.0,,,,,,,,75.0
2020-02-14,79.4,61.39,,,,,,,,85.18518518518519
2020-02-15,69.28,49.16,,74.0,96.0,74.0,66.0,82.0,114.0,57.894736842105274
2020-02-16,63.47,42.81,,72.0,88.0,65.0,64.0,81.0,113.0,62.5
2020-02-17,67.26,49.14,,77.0,97.0,86.0,68.0,79.0,115.0,78.2608695652174
2020-02-18,69.49,51.68,,76.0,95.0,89.0,67.0,79.0,116.0,66.66666666666667
2020-02-19,67.52,51.24,,76.0,92.0,89.0,69.0,83.0,114.0,65.21739130434784
2020-02-20,69.97,53.59,,76.0,89.0,88.0,72.0,89.0,112.0,62.5
2020-02-21,80.37,61.74,,76.0,95.0,86.0,69.0,79.0,117.0,62.96296296296296
2020-02-22,79.72,57.89,,77.0,99.0,95.0,70.0,84.0,113.0,63.15789473684211
2020-02-23,72.64,52.22,,76.0,96.0,93.0,69.0,83.0,111.0,50.0
2020-02-24,62.77,46.86,,77.0,93.0,90.0,69.0,81.0,114.0,73.91304347826087
2020-02-25,59.14,45.66,,76.0,91.0,91.0,69.0,81.0,115.0,66.66666666666667
2020-02-26,63.84,49.5,,76.0,89.0,92.0,70.0,85.0,114.0,69.56521739130434
2020-02-27,67.23,52.71,,76.0,90.0,86.0,73.0,91.0,112.0,70.83333333333333
2020-02-28,77.09,61.24,,77.0,94.0,87.0,71.0,81.0,116.0,66.66666666666667
2020-02-29,80.09,60.19,,78.0,98.0,94.0,75.0,86.0,112.0,63.15789473684211
2020-03-01,70.97,52.72,,78.0,95.0,95.0,73.0,85.0,110.0,50.0
2020-03-02,67.4,53.29,52.0,78.0,95.0,86.0,73.0,86.0,113.0,82.60869565217392
2020-03-03,68.29,53.31,52.0,78.0,96.0,91.0,72.0,86.0,114.0,75.0
2020-03-04,67.38,51.59,50.0,76.0,87.0,79.0,73.0,89.0,113.0,86.95652173913044
2020-03-05,67.34,55.22,52.0,78.0,91.0,82.0,76.0,95.0,111.0,79.16666666666667
2020-03-06,76.98,65.62,54.0,80.0,96.0,88.0,74.0,86.0,115.0,74.07407407407408
2020-03-07,75.58,60.46,55.00000000000001,80.0,100.0,96.0,76.0,88.0,111.0,63.15789473684211
2020-03-08,67.89,51.5,53.0,79.0,94.0,90.0,74.0,85.0,110.0,62.5
2020-03-09,68.7,54.07,54.0,79.0,92.0,87.0,74.0,87.0,113.0,91.30434782608695
2020-03-10,69.99,55.3,55.00000000000001,80.0,96.0,97.0,74.0,88.0,113.0,83.33333333333334
2020-03-11,66.71,54.21,52.0,79.0,93.0,86.0,74.0,91.0,112.0,78.2608695652174
2020-03-12,64.05,57.73,54.0,78.0,91.0,87.0,78.0,97.0,110.0,70.83333333333333
2020-03-13,74.9,67.49,53.0,80.0,97.0,88.0,74.0,87.0,114.0,70.37037037037038
2020-03-14,75.89,67.76,56.00000000000001,80.0,99.0,96.0,76.0,88.0,111.0,63.15789473684211
2020-03-15,66.07,58.36,55.00000000000001,82.0,102.0,101.0,77.0,86.0,109.0,50.0
2020-03-16,61.66,54.0,54.0,80.0,97.0,99.0,75.0,88.0,112.0,78.2608695652174
2020-03-17,59.13,51.35,52.0,78.0,94.0,93.0,72.0,88.0,113.0,70.83333333333333
2020-03-18,59.36,52.49,48.0,75.0,86.0,75.0,71.0,91.0,113.0,73.91304347826087
2020-03-19,59.17,52.87,46.0,75.0,84.0,77.0,75.0,97.0,111.0,79.16666666666667
2020-03-20,66.21,58.75,44.0,78.0,96.0,80.0,72.0,87.0,115.0,74.07407407407408
2020-03-21,60.63,54.44,41.0,76.0,99.0,80.0,70.0,87.0,113.0,57.894736842105274
2020-03-22,60.88,49.36,42.0,75.0,98.0,89.0,68.0,85.0,112.0,37.5
2020-03-23,56.57,47.1,40.0,76.0,100.0,90.0,68.0,83.0,114.0,69.56521739130434
2020-03-24,56.44,48.96,38.0,73.0,97.0,88.0,66.0,81.0,116.0,58.33333333333333
2020-03-25,54.05,43.76,37.0,73.0,95.0,88.0,67.0,84.0,115.0,69.56521739130434
2020-03-26,55.9,48.02,36.0,72.0,91.0,79.0,69.0,89.0,113.0,62.5
2020-03-27,58.81,47.82,34.0,74.0,101.0,84.0,67.0,80.0,118.0,59.25925925925926
2020-03-28,47.81,36.9,28.999999999999996,69.0,96.0,62.0,63.0,83.0,116.0,63.15789473684211
2020-03-29,48.82,35.75,28.000000000000004,65.0,93.0,57.0,55.0,76.0,116.0,37.5
2020-03-30,49.66,39.75,32.0,68.0,90.0,61.0,63.0,77.0,117.0,82.60869565217392
2020-03-31,50.5,40.49,33.0,69.0,89.0,62.0,64.0,77.0,118.0,83.33333333333334
2020-04-01,49.8,40.95,33.0,71.0,95.0,76.0,66.0,80.0,116.0,65.21739130434784
2020-04-02,49.85,40.47,32.0,71.0,95.0,77.0,69.0,85.0,114.0,58.33333333333333
2020-04-03,54.58,45.05,32.0,72.0,103.0,75.0,66.0,76.0,119.0,66.66666666666667
2020-04-04,46.96,39.78,27.0,68.0,100.0,75.0,58.0,57.0,119.0,36.8421052631579
2020-04-05,48.71,36.73,26.0,63.0,84.0,48.0,53.0,73.0,117.0,37.5
2020-04-06,52.01,42.78,32.0,66.0,81.0,57.0,61.0,75.0,118.0,86.95652173913044
2020-04-07,56.01,49.41,36.0,73.0,101.0,82.0,65.0,77.0,117.0,62.5
2020-04-08,55.89,48.01,38.0,74.0,97.0,87.0,67.0,81.0,115.0,73.91304347826087
2020-04-09,56.51,47.64,44.0,76.0,99.0,93.0,73.0,86.0,112.0,87.5
2020-04-10,53.53,46.26,38.0,72.0,107.0,100.0,57.0,42.0,127.0,37.03703703703704
2020-04-11,51.98,42.36,31.0,69.0,96.0,79.0,59.0,62.0,119.0,36.8421052631579
2020-04-12,53.91,45.68,42.0,73.0,99.0,91.0,66.0,78.0,113.0,50.0
2020-04-13,51.93,45.0,42.0,74.0,107.0,113.0,55.0,40.0,125.0,30.434782608695656
2020-04-14,52.19,46.13,40.0,75.0,99.0,90.0,68.0,80.0,116.0,75.0
2020-04-15,52.16,45.21,41.0,76.0,96.0,93.0,70.0,83.0,115.0,78.2608695652174
2020-04-16,53.58,46.74,42.0,76.0,94.0,93.0,71.0,88.0,112.0,70.83333333333333
2020-04-17,60.48,53.6,42.0,77.0,99.0,90.0,63.0,79.0,118.0,74.07407407407408
2020-04-18,56.29,47.14,41.0,74.0,98.0,87.0,69.0,84.0,114.0,63.15789473684211
2020-04-19,53.24,45.08,41.0,74.0,95.0,84.0,67.0,81.0,113.0,50.0
2020-04-20,52.94,44.21,42.0,76.0,96.0,89.0,66.0,81.0,114.0,78.2608695652174
2020-04-21,49.99,42.03,41.0,75.0,94.0,88.0,65.0,81.0,115.0,75.0
2020-04-22,49.13,40.47,37.0,71.0,87.0,61.0,62.0,84.0,115.0,104.34782608695652
2020-04-23,50.82,45.89,39.0,74.0,92.0,73.0,67.0,91.0,113.0,75.0
2020-04-24,58.65,53.71,39.0,75.0,94.0,72.0,64.0,81.0,118.0,81.48148148148148
2020-04-25,56.58,50.14,40.0,77.0,101.0,82.0,69.0,85.0,113.0,73.6842105263158
2020-04-26,57.33,53.44,44.0,77.0,98.0,85.0,68.0,83.0,112.0,50.0
2020-04-27,57.44,53.73,48.0,78.0,97.0,92.0,66.0,83.0,114.0,86.95652173913044
2020-04-28,59.31,52.13,48.0,78.0,95.0,93.0,67.0,83.0,113.0,87.5
2020-04-29,67.03,57.35,55.00000000000001,81.0,99.0,95.0,71.0,87.0,109.0,113.04347826086956
2020-04-30,65.99,55.68,60.0,80.0,107.0,115.0,67.0,49.0,118.0,50.0
2020-05-01,69.66,62.41,51.0,78.0,107.0,113.0,60.0,39.0,125.0,25.925925925925924
2020-05-02,64.16,52.18,49.0,79.0,105.0,92.0,72.0,84.0,112.0,78.94736842105264
2020-05-03,60.75,52.22,49.0,78.0,101.0,87.0,69.0,84.0,111.0,50.0
2020-05-04,59.37,51.22,49.0,79.0,98.0,90.0,69.0,87.0,112.0,104.34782608695652
2020-05-05,58.5,48.72,49.0,79.0,97.0,90.0,69.0,88.0,113.0,91.66666666666667
2020-05-06,59.05,50.15,49.0,79.0,98.0,89.0,71.0,91.0,112.0,91.30434782608695
2020-05-07,60.08,51.12,51.0,80.0,95.0,89.0,76.0,97.0,109.0,87.5
2020-05-08,70.43,61.86,52.0,83.0,102.0,85.0,75.0,88.0,113.0,103.7037037037037
2020-05-09,65.4,52.27,51.0,84.0,104.0,84.0,78.0,90.0,110.0,110.52631578947368
2020-05-10,57.96,46.44,46.0,87.0,104.0,80.0,79.0,91.0,108.0,137.5
2020-05-11,,,53.0,82.0,98.0,84.0,73.0,89.0,111.0,95.65217391304348
2020-05-12,,,51.0,81.0,98.0,81.0,73.0,89.0,112.0,100.0
2020-05-13,58.15,49.96,51.0,81.0,97.0,84.0,75.0,93.0,111.0,95.65217391304348
2020-05-14,62.45,53.99,53.0,81.0,94.0,83.0,79.0,100.0,108.0,95.83333333333334
2020-05-15,73.46,64.67,54.0,83.0,101.0,86.0,77.0,88.0,111.0,96.2962962962963
2020-05-16,69.19,56.48,54.0,83.0,107.0,88.0,80.0,90.0,110.0,100.0
2020-05-17,62.78,48.77,53.0,83.0,103.0,85.0,77.0,89.0,109.0,87.5
2020-05-18,59.16,48.63,49.0,78.0,91.0,68.0,73.0,88.0,112.0,121.7391304347826
2020-05-19,62.27,53.2,54.0,81.0,100.0,84.0,75.0,90.0,112.0,91.66666666666667
2020-05-20,62.46,53.97,54.0,82.0,95.0,81.0,77.0,94.0,110.0,121.7391304347826
2020-05-21,62.52,50.68,52.0,80.0,90.0,69.0,79.0,99.0,109.0,112.5
2020-05-22,72.78,64.2,53.0,83.0,100.0,74.0,76.0,88.0,113.0,111.11111111111111
2020-05-23,70.2,58.97,53.0,84.0,107.0,79.0,79.0,90.0,110.0,110.52631578947368
2020-05-24,62.57,48.88,52.0,84.0,103.0,91.0,79.0,90.0,109.0,100.0
2020-05-25,63.15,54.05,53.0,79.0,92.0,75.0,74.0,88.0,112.0,108.69565217391305
2020-05-26,65.78,52.42,56.00000000000001,82.0,96.0,77.0,75.0,91.0,111.0,100.0
2020-05-27,63.14,49.66,51.0,82.0,95.0,82.0,77.0,94.0,110.0,78.2608695652174
2020-05-28,66.16,57.55,56.99999999999999,84.0,96.0,83.0,83.0,102.0,107.0,100.0
2020-05-29,74.77,59.29,57.99999999999999,87.0,103.0,83.0,81.0,91.0,111.0,114.81481481481481
2020-05-30,67.84,55.23,46.0,78.0,93.0,55.0,73.0,87.0,112.0,136.8421052631579
2020-05-31,65.64,53.31,56.00000000000001,86.0,106.0,80.0,79.0,91.0,109.0,100.0
2020-06-01,76.48,60.6,61.0,85.0,102.0,86.0,79.0,93.0,109.0,113.04347826086956
2020-06-02,76.28,58.91,60.0,83.0,100.0,81.0,78.0,94.0,109.0,120.83333333333333
2020-06-03,71.52,58.97,63.0,85.0,101.0,86.0,80.0,98.0,108.0,117.39130434782608
2020-06-04,74.85,57.1,60.0,84.0,96.0,88.0,82.0,104.0,107.0,100.0
2020-06-05,81.96,69.8,61.0,87.0,103.0,83.0,81.0,92.0,110.0,118.51851851851852
2020-06-06,67.1,51.32,55.00000000000001,82.0,101.0,64.0,78.0,89.0,110.0,147.3684210526316
2020-06-07,67.69,48.63,46.0,76.0,91.0,49.0,67.0,84.0,112.0,100.0
2020-06-08,69.62,55.77,56.99999999999999,80.0,94.0,63.0,76.0,92.0,110.0,160.8695652173913
2020-06-09,73.0,62.23,61.0,85.0,103.0,81.0,80.0,96.0,109.0,120.83333333333333
2020-06-10,74.41,60.36,64.0,86.0,101.0,86.0,82.0,99.0,107.0,121.7391304347826
2020-06-11,77.07,61.54,67.0,87.0,98.0,86.0,86.0,106.0,105.0,
2020-06-12,90.83,72.9,64.0,89.0,106.0,85.0,84.0,94.0,109.0,
2020-06-13,70.35,56.59,56.00000000000001,86.0,110.0,72.0,81.0,92.0,109.0,157.89473684210526
2020-06-14,66.68,52.41,50.0,81.0,98.0,62.0,72.0,88.0,111.0,100.0
2020-06-15,70.23,57.9,66.0,87.0,102.0,84.0,81.0,95.0,108.0,121.7391304347826
2020-06-16,73.2,61.0,65.0,86.0,100.0,83.0,82.0,96.0,108.0,137.5
2020-06-17,73.24,60.93,67.0,88.0,100.0,87.0,84.0,100.0,107.0,134.78260869565216
2020-06-18,80.01,63.82,68.0,88.0,97.0,85.0,87.0,107.0,104.0,129.16666666666666
2020-06-19,92.22,77.57,70.0,90.0,102.0,86.0,85.0,95.0,108.0,144.44444444444446
2020-06-20,81.74,65.55,67.0,90.0,105.0,86.0,86.0,92.0,106.0,147.3684210526316
2020-06-21,74.77,56.66,62.0,91.0,104.0,83.0,84.0,93.0,106.0,137.5
2020-06-22,77.26,62.88,71.0,89.0,102.0,87.0,83.0,94.0,107.0,130.43478260869566
2020-06-23,81.23,64.39,71.0,88.0,102.0,87.0,83.0,95.0,107.0,133.33333333333331
2020-06-24,83.91,69.01,78.0,91.0,100.0,91.0,87.0,100.0,105.0,160.8695652173913
2020-06-25,83.25,65.04,72.0,89.0,105.0,108.0,74.0,45.0,116.0,41.666666666666664
2020-06-26,93.05,77.96,74.0,89.0,102.0,87.0,84.0,91.0,109.0,122.22222222222223
2020-06-27,84.2,66.51,69.0,87.0,103.0,83.0,82.0,90.0,108.0,110.52631578947368
2020-06-28,79.56,61.89,70.0,88.0,102.0,84.0,81.0,91.0,107.0,100.0
2020-06-29,81.03,65.77,76.0,89.0,102.0,88.0,83.0,94.0,107.0,134.78260869565216
2020-06-30,79.87,65.54,80.0,93.0,106.0,92.0,85.0,95.0,106.0,150.0
2020-07-01,74.73,58.68,60.0,86.0,107.0,104.0,66.0,42.0,120.0,34.78260869565217
2020-07-02,80.94,66.19,71.0,87.0,99.0,82.0,87.0,106.0,104.0,141.66666666666669
2020-07-03,92.73,76.23,69.0,89.0,103.0,77.0,84.0,94.0,109.0,151.85185185185185
2020-07-04,83.11,67.3,68.0,89.0,107.0,82.0,83.0,92.0,107.0,131.57894736842104
2020-07-05,78.04,63.49,68.0,88.0,104.0,81.0,80.0,90.0,107.0,112.5
2020-07-06,80.08,65.45,75.0,90.0,106.0,88.0,83.0,94.0,107.0,139.1304347826087
2020-07-07,80.55,67.26,72.0,92.0,117.0,90.0,85.0,94.0,107.0,129.16666666666666
2020-07-08,79.48,68.31,70.0,89.0,111.0,88.0,84.0,98.0,107.0,126.08695652173913
2020-07-09,79.24,68.48,69.0,88.0,108.0,86.0,87.0,103.0,105.0,116.66666666666666
2020-07-10,86.75,72.31,65.0,87.0,116.0,83.0,83.0,91.0,110.0,118.51851851851852
2020-07-11,75.97,63.7,57.99999999999999,84.0,117.0,80.0,79.0,88.0,110.0,115.78947368421052
2020-07-12,71.57,59.29,56.00000000000001,81.0,115.0,75.0,74.0,85.0,110.0,75.0
2020-07-13,69.03,54.93,60.0,80.0,115.0,83.0,75.0,87.0,111.0,108.69565217391305
2020-07-14,69.5,53.76,54.0,78.0,117.0,81.0,73.0,85.0,112.0,100.0
2020-07-15,66.86,48.49,46.0,71.0,117.0,78.0,72.0,84.0,114.0,95.65217391304348
2020-07-16,68.0,50.25,48.0,70.0,110.0,77.0,74.0,89.0,112.0,95.83333333333334
2020-07-17,72.54,52.54,43.0,70.0,115.0,76.0,71.0,78.0,117.0,100.0
2020-07-18,62.65,42.93,39.0,68.0,115.0,72.0,67.0,78.0,115.0,89.47368421052632
2020-07-19,59.15,41.09,35.0,64.0,110.0,66.0,61.0,73.0,115.0,50.0
2020-07-20,59.34,41.17,40.0,67.0,118.0,74.0,65.0,72.0,117.0,78.2608695652174
2020-07-21,58.87,41.03,38.0,65.0,115.0,74.0,63.0,70.0,119.0,70.83333333333333
2020-07-22,58.08,40.95,36.0,65.0,110.0,74.0,64.0,73.0,118.0,78.2608695652174
2020-07-23,59.53,42.01,36.0,63.0,106.0,71.0,66.0,77.0,116.0,70.83333333333333
2020-07-24,63.63,43.03,35.0,63.0,109.0,70.0,63.0,69.0,122.0,70.37037037037038
2020-07-25,57.06,37.29,32.0,62.0,109.0,65.0,62.0,72.0,118.0,68.42105263157895
2020-07-26,56.97,38.95,31.0,59.0,104.0,59.0,57.0,69.0,117.0,50.0
2020-07-27,57.71,40.59,37.0,65.0,117.0,71.0,63.0,69.0,119.0,82.60869565217392
2020-07-28,57.83,38.5,36.0,65.0,114.0,71.0,62.0,68.0,120.0,79.16666666666667
2020-07-29,54.94,36.27,31.0,50.0,100.0,66.0,60.0,67.0,120.0,65.21739130434784
2020-07-30,56.23,36.62,31.0,51.0,97.0,65.0,63.0,72.0,118.0,62.5
2020-07-31,58.81,36.36,28.000000000000004,59.0,100.0,51.0,61.0,65.0,123.0,100.0
2020-08-01,50.8,33.52,24.0,58.0,102.0,48.0,59.0,69.0,119.0,84.21052631578948
2020-08-02,54.68,35.87,27.0,59.0,106.0,47.0,57.0,67.0,118.0,75.0
2020-08-03,57.04,40.0,33.0,62.0,104.0,59.0,62.0,67.0,120.0,91.30434782608695
2020-08-04,56.89,39.54,33.0,63.0,106.0,69.0,63.0,67.0,120.0,70.83333333333333
2020-08-05,55.16,38.13,33.0,62.0,101.0,60.0,63.0,71.0,119.0,91.30434782608695
2020-08-06,60.61,42.48,35.0,64.0,105.0,70.0,67.0,76.0,116.0,66.66666666666667
2020-08-07,65.58,47.32,35.0,65.0,111.0,70.0,65.0,68.0,121.0,74.07407407407408
2020-08-08,61.15,41.78,34.0,66.0,113.0,69.0,67.0,73.0,116.0,84.21052631578948
2020-08-09,58.98,43.78,34.0,64.0,109.0,64.0,63.0,70.0,115.0,75.0
2020-08-10,59.21,44.33,39.0,67.0,110.0,74.0,66.0,70.0,117.0,82.60869565217392
2020-08-11,57.91,41.7,37.0,66.0,108.0,74.0,64.0,69.0,118.0,75.0
2020-08-12,58.76,43.3,35.0,64.0,103.0,61.0,64.0,72.0,118.0,82.60869565217392
2020-08-13,63.37,47.65,36.0,66.0,106.0,68.0,69.0,77.0,115.0,75.0
2020-08-14,70.67,51.46,38.0,67.0,111.0,70.0,67.0,69.0,120.0,81.48148148148148
2020-08-15,64.69,46.7,39.0,67.0,114.0,70.0,70.0,75.0,115.0,94.73684210526316
2020-08-16,61.52,45.67,38.0,67.0,111.0,66.0,66.0,72.0,114.0,75.0
2020-08-17,60.23,45.77,40.0,67.0,108.0,70.0,66.0,71.0,117.0,86.95652173913044
2020-08-18,50.17,31.25,34.0,65.0,108.0,59.0,65.0,72.0,118.0,104.16666666666666
2020-08-19,59.44,46.82,32.0,55.0,90.0,49.0,53.0,58.0,127.0,56.52173913043479
2020-08-20,65.76,52.63,43.0,70.0,111.0,73.0,73.0,83.0,113.0,91.66666666666667
2020-08-21,71.52,56.35,41.0,69.0,113.0,73.0,70.0,73.0,118.0,92.5925925925926
2020-08-22,68.89,50.5,41.0,70.0,117.0,71.0,73.0,78.0,114.0,100.0
2020-08-23,63.89,48.81,42.0,70.0,117.0,69.0,70.0,75.0,113.0,87.5
2020-08-24,64.51,50.68,45.0,70.0,110.0,75.0,70.0,76.0,115.0,91.30434782608695
2020-08-25,64.13,52.02,44.0,70.0,110.0,75.0,69.0,76.0,115.0,91.66666666666667
2020-08-26,63.27,50.05,43.0,70.0,107.0,71.0,71.0,80.0,114.0,100.0
2020-08-27,67.1,53.54,45.0,70.0,107.0,70.0,73.0,86.0,112.0,87.5
2020-08-28,79.98,64.04,47.0,75.0,114.0,74.0,73.0,77.0,116.0,103.7037037037037
2020-08-29,72.06,56.01,47.0,75.0,118.0,73.0,76.0,81.0,111.0,115.78947368421052
2020-08-30,68.1,54.23,49.0,75.0,116.0,71.0,74.0,79.0,111.0,112.5
2020-08-31,65.16,53.18,56.00000000000001,76.0,112.0,77.0,73.0,80.0,113.0,104.34782608695652
2020-09-01,61.03,51.34,48.0,74.0,110.0,72.0,72.0,80.0,114.0,95.83333333333334
2020-09-02,62.28,51.26,47.0,74.0,110.0,72.0,73.0,84.0,112.0,95.65217391304348
2020-09-03,69.18,56.86,47.0,74.0,109.0,72.0,76.0,89.0,110.0,95.83333333333334
2020-09-04,79.73,66.63,48.0,76.0,116.0,73.0,75.0,80.0,114.0,96.2962962962963
2020-09-05,74.38,62.81,48.0,76.0,118.0,70.0,77.0,82.0,111.0,131.57894736842104
2020-09-06,66.7,54.12,47.0,77.0,119.0,72.0,75.0,80.0,110.0,100.0
2020-09-07,65.95,52.6,49.0,76.0,111.0,73.0,74.0,81.0,112.0,108.69565217391305
2020-09-08,65.22,52.03,45.0,73.0,106.0,65.0,72.0,80.0,113.0,116.66666666666666
2020-09-09,66.4,54.17,49.0,75.0,109.0,73.0,75.0,86.0,111.0,95.65217391304348
2020-09-10,70.86,57.12,49.0,75.0,107.0,70.0,78.0,92.0,109.0,108.33333333333333
2020-09-11,84.27,72.68,52.0,81.0,115.0,75.0,78.0,83.0,112.0,111.11111111111111
2020-09-12,75.72,62.61,50.0,80.0,117.0,69.0,80.0,85.0,110.0,147.3684210526316
2020-09-13,69.59,56.2,53.0,83.0,123.0,74.0,79.0,84.0,109.0,112.5
2020-09-14,68.33,52.84,53.0,79.0,111.0,75.0,76.0,87.0,110.0,113.04347826086956
2020-09-15,70.33,53.78,48.0,74.0,99.0,59.0,73.0,86.0,113.0,129.16666666666666
2020-09-16,77.61,60.67,54.0,80.0,113.0,75.0,80.0,92.0,109.0,117.39130434782608
2020-09-17,84.94,64.17,54.0,78.0,103.0,66.0,80.0,97.0,108.0,137.5
2020-09-18,91.88,74.95,55.00000000000001,80.0,110.0,65.0,78.0,86.0,112.0,125.92592592592592
2020-09-19,82.76,67.49,53.0,81.0,115.0,65.0,81.0,87.0,109.0,163.1578947368421
2020-09-20,78.93,64.05,56.00000000000001,84.0,120.0,73.0,81.0,86.0,108.0,112.5
2020-09-21,76.32,57.88,54.0,78.0,101.0,65.0,78.0,87.0,110.0,173.91304347826087
2020-09-22,78.65,65.85,57.99999999999999,81.0,117.0,76.0,79.0,88.0,110.0,120.83333333333333
2020-09-23,75.78,64.21,60.0,81.0,118.0,75.0,83.0,94.0,108.0,134.78260869565216
2020-09-24,80.75,67.24,59.0,80.0,112.0,72.0,86.0,100.0,106.0,133.33333333333331
2020-09-25,90.86,82.75,60.0,83.0,120.0,74.0,84.0,89.0,110.0,137.03703703703704
2020-09-26,82.96,73.1,60.0,84.0,126.0,77.0,87.0,89.0,107.0,142.10526315789474
2020-09-27,73.66,62.09,59.0,84.0,123.0,73.0,85.0,86.0,108.0,125.0
2020-09-28,80.22,60.79,60.0,82.0,115.0,72.0,83.0,90.0,108.0,165.2173913043478
2020-09-29,84.61,65.52,61.0,84.0,120.0,74.0,85.0,91.0,108.0,187.5
2020-09-30,87.64,65.71,69.0,88.0,124.0,75.0,91.0,95.0,104.0,234.78260869565216
2020-10-01,90.25,70.58,66.0,84.0,133.0,109.0,77.0,44.0,113.0,58.33333333333333
2020-10-02,90.59,82.55,68.0,84.0,133.0,108.0,74.0,39.0,120.0,37.03703703703704
2020-10-03,83.27,72.98,64.0,84.0,127.0,85.0,84.0,85.0,108.0,110.52631578947368
2020-10-04,81.61,60.55,62.0,84.0,121.0,83.0,82.0,86.0,108.0,87.5
2020-10-05,75.03,62.47,62.0,83.0,118.0,78.0,86.0,90.0,107.0,169.56521739130434
2020-10-06,72.3,60.81,60.0,84.0,121.0,84.0,85.0,92.0,107.0,120.83333333333333
2020-10-07,72.58,61.73,60.0,84.0,119.0,84.0,87.0,97.0,106.0,121.7391304347826
2020-10-08,76.43,66.1,61.0,83.0,118.0,84.0,90.0,104.0,104.0,125.0
2020-10-09,92.2,86.59,62.0,85.0,121.0,83.0,88.0,92.0,107.0,125.92592592592592
2020-10-10,82.85,75.58,64.0,85.0,125.0,85.0,87.0,91.0,106.0,121.05263157894736
2020-10-11,72.92,62.12,63.0,85.0,123.0,85.0,85.0,88.0,107.0,100.0
2020-10-12,50.33,36.67,55.00000000000001,84.0,125.0,84.0,86.0,93.0,106.0,130.43478260869566
2020-10-13,59.57,43.05,22.0,45.0,74.0,27.0,31.0,24.0,137.0,4.166666666666657
2020-10-14,74.65,62.84,59.0,84.0,121.0,77.0,89.0,100.0,106.0,156.52173913043478
2020-10-15,77.88,67.29,62.0,85.0,120.0,85.0,93.0,106.0,103.0,141.66666666666669
2020-10-16,92.91,87.09,63.0,87.0,127.0,85.0,90.0,94.0,108.0,129.62962962962962
2020-10-17,84.03,76.83,65.0,86.0,129.0,86.0,89.0,91.0,107.0,126.3157894736842
2020-10-18,72.4,63.42,64.0,87.0,127.0,87.0,88.0,88.0,107.0,100.0
2020-10-19,71.54,60.94,61.0,85.0,121.0,87.0,86.0,93.0,107.0,117.39130434782608
2020-10-20,71.62,63.15,59.0,85.0,121.0,87.0,86.0,94.0,107.0,125.0
2020-10-21,70.35,62.16,57.99999999999999,85.0,120.0,88.0,88.0,100.0,106.0,117.39130434782608
2020-10-22,74.58,65.9,60.0,86.0,122.0,88.0,92.0,107.0,103.0,120.83333333333333
2020-10-23,90.28,86.09,60.0,88.0,129.0,86.0,88.0,94.0,108.0,114.81481481481481
2020-10-24,89.0,82.99,65.0,87.0,129.0,87.0,87.0,90.0,106.0,121.05263157894736
2020-10-25,83.8,75.79,75.0,92.0,131.0,100.0,95.0,87.0,104.0,112.5
2020-10-26,74.51,64.73,68.0,90.0,138.0,121.0,74.0,40.0,117.0,34.78260869565217
2020-10-27,72.25,61.38,60.0,86.0,124.0,88.0,87.0,95.0,106.0,125.0
2020-10-28,72.02,60.58,57.99999999999999,84.0,117.0,75.0,88.0,100.0,106.0,152.17391304347825
2020-10-29,79.43,67.0,60.0,85.0,122.0,84.0,92.0,108.0,103.0,129.16666666666666
2020-10-30,91.15,87.04,61.0,89.0,129.0,84.0,88.0,95.0,107.0,122.22222222222223
2020-10-31,87.91,87.07,66.0,89.0,133.0,90.0,87.0,93.0,106.0,131.57894736842104
2020-11-01,69.83,62.58,62.0,89.0,130.0,88.0,87.0,90.0,106.0,112.5
2020-11-02,66.29,60.17,59.0,86.0,126.0,86.0,85.0,96.0,106.0,121.7391304347826
2020-11-03,63.6,60.56,57.99999999999999,86.0,130.0,85.0,87.0,96.0,107.0,108.33333333333333
2020-11-04,63.66,60.94,56.00000000000001,85.0,124.0,85.0,87.0,101.0,106.0,113.04347826086956
2020-11-05,69.23,67.34,59.0,85.0,123.0,86.0,91.0,108.0,104.0,116.66666666666666
2020-11-06,85.34,87.22,62.0,88.0,129.0,86.0,89.0,95.0,107.0,114.81481481481481
2020-11-07,79.12,80.88,64.0,88.0,136.0,86.0,88.0,92.0,106.0,115.78947368421052
2020-11-08,65.26,64.98,64.0,89.0,130.0,88.0,88.0,89.0,106.0,87.5
2020-11-09,61.44,62.64,59.0,86.0,125.0,87.0,85.0,95.0,107.0,108.69565217391305
2020-11-10,62.71,63.69,56.99999999999999,85.0,127.0,87.0,85.0,96.0,107.0,104.16666666666666
2020-11-11,65.13,64.69,56.99999999999999,86.0,125.0,87.0,88.0,101.0,106.0,108.69565217391305
2020-11-12,66.76,68.75,60.0,86.0,124.0,87.0,91.0,107.0,104.0,108.33333333333333
2020-11-13,84.23,88.81,61.0,88.0,131.0,84.0,88.0,94.0,108.0,107.4074074074074
2020-11-14,78.41,81.75,64.0,87.0,130.0,84.0,86.0,91.0,107.0,105.26315789473684
2020-11-15,66.28,64.62,63.0,90.0,133.0,90.0,90.0,89.0,105.0,100.0
2020-11-16,66.43,63.55,59.0,85.0,123.0,88.0,84.0,95.0,107.0,104.34782608695652
2020-11-17,67.19,62.98,59.0,85.0,124.0,87.0,85.0,96.0,107.0,108.33333333333333
2020-11-18,66.3,63.28,57.99999999999999,84.0,122.0,84.0,86.0,100.0,106.0,104.34782608695652
2020-11-19,70.87,67.61,59.0,84.0,120.0,84.0,90.0,107.0,104.0,100.0
2020-11-20,83.91,85.45,60.0,87.0,126.0,84.0,87.0,94.0,108.0,107.4074074074074
2020-11-21,75.24,76.65,59.0,85.0,129.0,78.0,85.0,90.0,107.0,115.78947368421052
2020-11-22,65.72,63.33,59.0,85.0,129.0,82.0,84.0,87.0,107.0,87.5
2020-11-23,65.88,58.57,54.0,81.0,123.0,79.0,81.0,92.0,108.0,108.69565217391305
2020-11-24,61.84,59.91,52.0,81.0,121.0,83.0,81.0,93.0,109.0,87.5
2020-11-25,63.46,60.58,52.0,81.0,123.0,82.0,83.0,97.0,108.0,86.95652173913044
2020-11-26,66.65,64.31,55.00000000000001,81.0,121.0,82.0,86.0,103.0,106.0,91.66666666666667
2020-11-27,78.35,77.89,55.00000000000001,83.0,128.0,83.0,83.0,91.0,110.0,88.88888888888889
2020-11-28,71.02,71.92,56.00000000000001,83.0,131.0,83.0,83.0,89.0,108.0,100.0
2020-11-29,61.27,60.61,53.0,83.0,129.0,82.0,83.0,86.0,108.0,75.0
2020-11-30,58.55,57.65,50.0,81.0,125.0,81.0,80.0,90.0,109.0,95.65217391304348
2020-12-01,59.32,58.57,48.0,81.0,125.0,83.0,80.0,90.0,110.0,87.5
2020-12-02,57.45,54.63,43.0,75.0,125.0,79.0,75.0,86.0,112.0,73.91304347826087
2020-12-03,57.18,55.88,43.0,75.0,125.0,77.0,78.0,91.0,110.0,145.83333333333331
2020-12-04,66.7,69.96,43.0,76.0,127.0,75.0,76.0,81.0,115.0,148.14814814814815
2020-12-05,62.34,61.4,47.0,77.0,133.0,77.0,78.0,84.0,111.0,178.94736842105263
2020-12-06,58.36,56.46,45.0,76.0,128.0,78.0,76.0,80.0,111.0,262.5
2020-12-07,56.54,54.78,45.0,76.0,123.0,81.0,74.0,80.0,113.0,147.82608695652175
2020-12-08,55.75,56.74,43.0,74.0,122.0,79.0,73.0,81.0,114.0,137.5
2020-12-09,56.38,55.2,43.0,74.0,118.0,78.0,74.0,84.0,113.0,147.82608695652175
2020-12-10,58.5,55.5,40.0,69.0,116.0,77.0,75.0,87.0,112.0,137.5
2020-12-11,66.26,62.91,41.0,70.0,119.0,76.0,73.0,77.0,117.0,137.03703703703704
2020-12-12,61.87,60.14,42.0,71.0,127.0,75.0,74.0,81.0,113.0,178.94736842105263
2020-12-13,59.37,57.31,45.0,72.0,125.0,78.0,74.0,77.0,112.0,250.0
2020-12-14,59.49,57.23,43.0,70.0,115.0,77.0,71.0,78.0,114.0,147.82608695652175
2020-12-15,57.76,55.04,41.0,70.0,116.0,73.0,70.0,77.0,115.0,141.66666666666669
2020-12-16,56.9,54.57,41.0,70.0,116.0,72.0,72.0,82.0,114.0,152.17391304347825
2020-12-17,62.32,59.28,42.0,69.0,114.0,72.0,75.0,87.0,112.0,145.83333333333331
2020-12-18,69.49,68.4,44.0,71.0,123.0,76.0,74.0,77.0,116.0,162.96296296296296
2020-12-19,62.6,61.0,44.0,72.0,128.0,74.0,77.0,81.0,112.0,205.26315789473682
2020-12-20,60.9,59.09,43.0,73.0,127.0,72.0,76.0,77.0,111.0,287.5
2020-12-21,67.45,63.24,50.0,74.0,127.0,79.0,74.0,76.0,114.0,200.0
2020-12-22,67.05,69.22,50.0,72.0,119.0,81.0,72.0,76.0,115.0,166.66666666666666
2020-12-23,69.7,73.51,52.0,73.0,122.0,74.0,75.0,80.0,113.0,208.69565217391303
2020-12-24,77.05,76.38,57.99999999999999,78.0,134.0,89.0,81.0,83.0,111.0,212.5
2020-12-25,69.85,73.96,46.0,74.0,136.0,96.0,68.0,36.0,124.0,96.2962962962963
2020-12-26,70.83,66.99,46.0,69.0,120.0,83.0,69.0,60.0,116.0,121.05263157894736
2020-12-27,71.29,69.17,54.0,73.0,121.0,86.0,77.0,78.0,111.0,250.0
2020-12-28,69.21,70.47,56.99999999999999,74.0,119.0,90.0,74.0,75.0,114.0,156.52173913043478
2020-12-29,68.36,68.6,56.00000000000001,73.0,121.0,90.0,74.0,75.0,114.0,154.16666666666666
2020-12-30,68.05,68.27,54.0,74.0,123.0,80.0,75.0,79.0,113.0,173.91304347826087
2020-12-31,72.82,72.31,59.0,77.0,134.0,83.0,79.0,82.0,111.0,183.33333333333334
2021-01-01,62.9,60.47,37.0,70.0,129.0,92.0,62.0,34.0,126.0,
2021-01-02,64.6,61.96,43.0,72.0,127.0,79.0,74.0,80.0,113.0,
2021-01-03,58.34,57.32,46.0,74.0,126.0,84.0,77.0,80.0,111.0,
2021-01-04,56.59,57.15,43.0,72.0,116.0,80.0,73.0,82.0,113.0,139.1304347826087
2021-01-05,56.4,56.62,43.0,72.0,118.0,81.0,73.0,81.0,114.0,137.5
2021-01-06,56.18,56.39,42.0,73.0,122.0,81.0,75.0,86.0,113.0,139.1304347826087
2021-01-07,54.09,55.89,43.0,72.0,121.0,75.0,77.0,91.0,111.0,137.5
2021-01-08,61.96,64.92,38.0,71.0,124.0,63.0,73.0,80.0,116.0,137.03703703703704
2021-01-09,59.87,59.4,43.0,73.0,135.0,69.0,76.0,83.0,112.0,189.4736842105263
2021-01-10,52.48,52.45,43.0,74.0,130.0,70.0,75.0,79.0,112.0,262.5
2021-01-11,52.81,51.17,38.0,72.0,122.0,64.0,72.0,82.0,114.0,152.17391304347825
2021-01-12,54.42,54.09,41.0,73.0,128.0,75.0,74.0,82.0,114.0,150.0
2021-01-13,54.39,56.15,41.0,73.0,125.0,76.0,75.0,85.0,112.0,156.52173913043478
2021-01-14,57.97,58.14,42.0,70.0,118.0,75.0,76.0,88.0,108.0,145.83333333333331
2021-01-15,68.85,72.66,43.0,70.0,122.0,74.0,74.0,78.0,113.0,140.74074074074073
2021-01-16,65.63,66.55,49.0,72.0,128.0,78.0,76.0,79.0,109.0,189.4736842105263
2021-01-17,56.98,58.1,48.0,72.0,126.0,76.0,75.0,75.0,109.0,262.5
2021-01-18,53.97,53.52,42.0,70.0,118.0,75.0,71.0,79.0,111.0,147.82608695652175
2021-01-19,54.02,54.57,40.0,69.0,118.0,75.0,70.0,78.0,112.0,141.66666666666669
2021-01-20,54.69,54.69,41.0,69.0,116.0,75.0,73.0,83.0,111.0,147.82608695652175
2021-01-21,57.71,56.9,41.0,69.0,114.0,76.0,76.0,89.0,109.0,141.66666666666669
2021-01-22,69.76,71.52,43.0,70.0,121.0,73.0,74.0,79.0,114.0,140.74074074074073
2021-01-23,65.9,66.67,48.0,72.0,130.0,77.0,77.0,81.0,110.0,168.42105263157896
2021-01-24,57.8,58.38,46.0,71.0,123.0,75.0,75.0,76.0,110.0,250.0
2021-01-25,55.45,55.77,42.0,70.0,116.0,77.0,72.0,80.0,111.0,147.82608695652175
2021-01-26,56.39,54.76,41.0,70.0,117.0,77.0,72.0,80.0,112.0,141.66666666666669
2021-01-27,56.56,54.51,41.0,70.0,117.0,75.0,74.0,84.0,111.0,152.17391304347825
2021-01-28,60.06,60.13,42.0,70.0,116.0,75.0,78.0,90.0,109.0,150.0
2021-01-29,69.32,73.13,43.0,72.0,123.0,72.0,76.0,80.0,113.0,155.55555555555554
2021-01-30,68.77,69.89,49.0,75.0,131.0,76.0,79.0,82.0,109.0,194.73684210526318
2021-01-31,59.62,57.3,49.0,76.0,129.0,77.0,79.0,79.0,108.0,287.5
2021-02-01,57.29,55.91,43.0,74.0,119.0,76.0,75.0,82.0,110.0,165.2173913043478
2021-02-02,57.52,57.9,41.0,73.0,123.0,75.0,74.0,82.0,111.0,162.5
2021-02-03,58.96,57.45,43.0,73.0,126.0,73.0,76.0,86.0,110.0,173.91304347826087
2021-02-04,64.01,63.32,44.0,73.0,123.0,71.0,80.0,92.0,108.0,175.0
2021-02-05,79.11,79.81,46.0,74.0,132.0,70.0,79.0,81.0,112.0,188.88888888888889
2021-02-06,76.87,76.01,52.0,76.0,138.0,73.0,83.0,83.0,108.0,247.36842105263156
2021-02-07,67.61,67.62,52.0,79.0,140.0,77.0,85.0,81.0,107.0,387.5
2021-02-08,66.02,68.3,48.0,77.0,135.0,76.0,79.0,81.0,110.0,217.3913043478261
2021-02-09,65.44,65.35,47.0,78.0,143.0,72.0,79.0,80.0,111.0,195.83333333333334
2021-02-10,68.29,68.35,43.0,74.0,139.0,50.0,76.0,78.0,112.0,260.8695652173913
2021-02-11,65.39,52.64,51.0,81.0,169.0,83.0,83.0,73.0,110.0,175.0
2021-02-12,68.28,55.51,37.0,55.0,96.0,78.0,59.0,22.0,125.0,107.4074074074074
2021-02-13,83.33,77.58,46.0,62.0,110.0,78.0,70.0,41.0,114.0,142.10526315789474
2021-02-14,82.12,81.29,63.0,72.0,120.0,90.0,82.0,64.0,109.0,287.5
2021-02-15,74.57,75.97,63.0,76.0,133.0,112.0,69.0,32.0,119.0,95.65217391304348
2021-02-16,68.27,73.94,51.0,75.0,126.0,91.0,71.0,62.0,116.0,100.0
2021-02-17,64.07,68.51,50.0,74.0,124.0,87.0,74.0,70.0,114.0,104.34782608695652
2021-02-18,67.45,71.58,51.0,80.0,121.0,84.0,82.0,85.0,109.0,116.66666666666666
2021-02-19,77.06,82.43,52.0,80.0,125.0,82.0,80.0,79.0,112.0,125.92592592592592
2021-02-20,72.01,76.39,56.99999999999999,80.0,128.0,84.0,84.0,83.0,108.0,152.6315789473684
2021-02-21,65.17,65.64,56.99999999999999,81.0,125.0,85.0,84.0,83.0,108.0,250.0
2021-02-22,59.25,62.86,50.0,80.0,120.0,83.0,80.0,87.0,109.0,156.52173913043478
2021-02-23,61.47,63.95,50.0,80.0,121.0,82.0,80.0,88.0,109.0,154.16666666666666
2021-02-24,59.42,63.21,48.0,80.0,118.0,79.0,82.0,92.0,108.0,156.52173913043478
2021-02-25,64.04,66.44,49.0,79.0,117.0,74.0,85.0,98.0,106.0,162.5
2021-02-26,72.77,79.26,50.0,82.0,124.0,75.0,84.0,88.0,110.0,159.25925925925924
2021-02-27,68.74,76.4,51.0,81.0,128.0,67.0,83.0,86.0,109.0,184.21052631578948
2021-02-28,63.33,66.38,54.0,83.0,129.0,83.0,86.0,85.0,107.0,262.5
2021-03-01,61.47,63.36,51.0,81.0,120.0,82.0,82.0,89.0,108.0,156.52173913043478
2021-03-02,58.94,62.56,50.0,81.0,124.0,82.0,82.0,89.0,109.0,158.33333333333334
2021-03-03,59.6,61.95,48.0,80.0,123.0,77.0,83.0,93.0,108.0,165.2173913043478
2021-03-04,61.14,63.71,47.0,78.0,115.0,63.0,85.0,98.0,107.0,179.16666666666666
2021-03-05,74.13,84.4,48.0,82.0,125.0,69.0,84.0,88.0,110.0,159.25925925925924
2021-03-06,66.77,71.9,51.0,82.0,128.0,69.0,85.0,87.0,108.0,200.0
2021-03-07,59.47,64.15,51.0,82.0,129.0,71.0,83.0,84.0,108.0,275.0
2021-03-08,61.14,65.93,50.0,82.0,124.0,80.0,83.0,88.0,108.0,169.56521739130434
2021-03-09,61.3,66.5,50.0,81.0,124.0,83.0,83.0,89.0,108.0,158.33333333333334
2021-03-10,61.37,66.87,49.0,81.0,123.0,78.0,85.0,94.0,107.0,165.2173913043478
2021-03-11,65.33,71.19,52.0,81.0,122.0,82.0,89.0,100.0,105.0,162.5
2021-03-12,,,52.0,83.0,129.0,81.0,86.0,89.0,109.0,155.55555555555554
2021-03-13,77.56,84.72,55.00000000000001,83.0,134.0,84.0,87.0,87.0,107.0,184.21052631578948
2021-03-14,63.7,69.08,56.00000000000001,85.0,133.0,88.0,89.0,85.0,107.0,275.0
2021-03-15,62.01,65.85,50.0,82.0,124.0,84.0,83.0,89.0,108.0,156.52173913043478
2021-03-16,62.85,65.37,49.0,81.0,124.0,84.0,83.0,89.0,109.0,158.33333333333334
2021-03-17,65.29,67.33,50.0,81.0,123.0,81.0,86.0,94.0,108.0,165.2173913043478
2021-03-18,66.12,70.04,51.0,81.0,122.0,81.0,89.0,101.0,105.0,166.66666666666666
2021-03-19,78.76,86.54,53.0,84.0,129.0,82.0,87.0,90.0,109.0,159.25925925925924
2021-03-20,74.41,78.64,56.99999999999999,85.0,133.0,85.0,89.0,89.0,107.0,205.26315789473682
2021-03-21,63.22,66.53,53.0,84.0,130.0,82.0,88.0,85.0,107.0,275.0
2021-03-22,61.6,64.53,50.0,82.0,127.0,82.0,84.0,90.0,108.0,165.2173913043478
2021-03-23,61.79,65.11,50.0,82.0,127.0,82.0,84.0,91.0,108.0,158.33333333333334
2021-03-24,61.61,64.65,50.0,82.0,123.0,83.0,86.0,96.0,107.0,165.2173913043478
2021-03-25,67.39,69.43,51.0,83.0,123.0,83.0,90.0,102.0,105.0,162.5
2021-03-26,81.03,87.88,54.0,85.0,130.0,83.0,88.0,90.0,109.0,170.37037037037038
2021-03-27,77.42,80.56,57.99999999999999,86.0,135.0,86.0,91.0,90.0,106.0,200.0
2021-03-28,67.55,70.49,59.0,87.0,132.0,87.0,92.0,86.0,106.0,287.5
2021-03-29,65.79,68.56,55.00000000000001,84.0,125.0,85.0,85.0,90.0,108.0,173.91304347826087
2021-03-30,68.87,72.02,56.00000000000001,85.0,127.0,84.0,85.0,91.0,108.0,179.16666666666666
2021-03-31,74.78,78.3,57.99999999999999,86.0,125.0,84.0,88.0,94.0,106.0,186.95652173913044
2021-04-01,87.25,90.57,66.0,88.0,129.0,87.0,93.0,99.0,104.0,204.16666666666669
2021-04-02,88.33,89.49,67.0,86.0,145.0,99.0,80.0,45.0,118.0,111.11111111111111
2021-04-03,84.27,85.95,62.0,84.0,136.0,90.0,86.0,69.0,109.0,168.42105263157896
2021-04-04,80.01,81.84,69.0,88.0,131.0,85.0,96.0,83.0,104.0,350.0
2021-04-05,80.09,84.77,75.0,90.0,141.0,113.0,78.0,39.0,116.0,104.34782608695652
2021-04-06,72.33,79.16,66.0,87.0,139.0,107.0,75.0,45.0,117.0,104.16666666666666
2021-04-07,68.5,76.98,56.99999999999999,85.0,127.0,88.0,88.0,92.0,107.0,173.91304347826087
2021-04-08,69.46,73.77,56.99999999999999,84.0,123.0,86.0,91.0,99.0,105.0,162.5
2021-04-09,78.0,86.85,54.0,85.0,126.0,75.0,86.0,88.0,110.0,162.96296296296296
2021-04-10,75.67,81.83,57.99999999999999,86.0,135.0,88.0,90.0,90.0,106.0,205.26315789473682
2021-04-11,65.85,67.25,57.99999999999999,87.0,133.0,90.0,91.0,87.0,106.0,275.0
2021-04-12,63.94,66.25,54.0,85.0,128.0,88.0,88.0,93.0,107.0,182.6086956521739
2021-04-13,65.94,69.27,52.0,85.0,130.0,87.0,88.0,94.0,107.0,179.16666666666666
2021-04-14,63.63,63.64,52.0,84.0,124.0,82.0,90.0,98.0,106.0,182.6086956521739
2021-04-15,67.31,68.72,52.0,83.0,120.0,72.0,93.0,105.0,105.0,208.33333333333331
2021-04-16,79.01,85.95,54.0,86.0,131.0,80.0,90.0,94.0,108.0,185.1851851851852
2021-04-17,75.48,78.89,54.0,84.0,131.0,71.0,88.0,90.0,107.0,215.78947368421052
2021-04-18,64.9,67.02,57.99999999999999,89.0,137.0,90.0,94.0,89.0,106.0,325.0
2021-04-19,62.62,63.31,52.0,85.0,129.0,88.0,89.0,94.0,107.0,173.91304347826087
2021-04-20,62.99,66.28,52.0,85.0,130.0,89.0,89.0,95.0,107.0,166.66666666666666
2021-04-21,66.87,66.61,53.0,85.0,128.0,88.0,91.0,99.0,106.0,173.91304347826087
2021-04-22,67.07,70.78,54.0,85.0,127.0,88.0,95.0,107.0,104.0,187.5
2021-04-23,82.64,89.88,55.00000000000001,87.0,134.0,85.0,92.0,95.0,108.0,174.07407407407408
2021-04-24,78.78,83.33,57.99999999999999,88.0,136.0,88.0,93.0,92.0,106.0,210.5263157894737
2021-04-25,64.32,66.41,56.00000000000001,88.0,135.0,86.0,93.0,88.0,106.0,325.0
2021-04-26,61.18,62.31,53.0,85.0,128.0,87.0,87.0,93.0,108.0,173.91304347826087
2021-04-27,62.39,64.74,50.0,82.0,122.0,73.0,85.0,93.0,109.0,187.5
2021-04-28,66.59,67.38,52.0,85.0,127.0,82.0,90.0,97.0,107.0,182.6086956521739
2021-04-29,69.55,71.19,55.00000000000001,86.0,127.0,86.0,94.0,104.0,105.0,187.5
2021-04-30,88.33,95.8,56.99999999999999,90.0,139.0,89.0,93.0,93.0,108.0,177.77777777777777
2021-05-01,77.15,82.16,56.00000000000001,90.0,145.0,100.0,92.0,67.0,108.0,152.6315789473684
2021-05-02,67.41,67.59,55.00000000000001,89.0,137.0,80.0,93.0,88.0,106.0,325.0
2021-05-03,65.33,68.45,52.0,85.0,132.0,72.0,87.0,91.0,108.0,208.69565217391303
2021-05-04,65.6,69.0,52.0,87.0,133.0,84.0,90.0,95.0,107.0,183.33333333333334
2021-05-05,64.36,72.26,54.0,88.0,134.0,86.0,92.0,99.0,106.0,178.26086956521738
2021-05-06,70.4,77.64,55.00000000000001,87.0,132.0,88.0,96.0,107.0,104.0,183.33333333333334
2021-05-07,84.43,91.86,56.99999999999999,90.0,138.0,87.0,94.0,95.0,107.0,192.5925925925926
2021-05-08,78.35,79.86,56.00000000000001,89.0,140.0,84.0,95.0,93.0,105.0,236.8421052631579
2021-05-09,69.04,69.67,52.0,93.0,142.0,82.0,97.0,90.0,105.0,375.0
2021-05-10,65.16,70.51,56.00000000000001,88.0,132.0,88.0,90.0,95.0,106.0,186.95652173913044
2021-05-11,66.75,71.06,53.0,87.0,134.0,88.0,91.0,96.0,107.0,179.16666666666666
2021-05-12,67.91,70.6,54.0,88.0,136.0,86.0,95.0,100.0,106.0,191.30434782608697
2021-05-13,72.2,74.32,56.00000000000001,88.0,135.0,86.0,99.0,107.0,104.0,191.66666666666666
2021-05-14,84.3,92.35,56.00000000000001,90.0,140.0,84.0,95.0,95.0,108.0,181.48148148148147
2021-05-15,78.13,81.91,56.99999999999999,90.0,144.0,84.0,96.0,91.0,106.0,221.05263157894737
2021-05-16,70.37,72.67,56.99999999999999,90.0,142.0,83.0,96.0,89.0,106.0,300.0
2021-05-17,69.36,72.84,60.0,89.0,136.0,86.0,93.0,96.0,106.0,195.6521739130435
2021-05-18,77.9,82.44,65.0,92.0,139.0,89.0,95.0,96.0,106.0,204.16666666666669
2021-05-19,69.68,72.89,61.0,90.0,148.0,94.0,80.0,46.0,117.0,117.39130434782608
2021-05-20,71.47,75.33,59.0,89.0,138.0,86.0,95.0,108.0,103.0,195.83333333333334
2021-05-21,81.49,87.45,56.99999999999999,91.0,145.0,81.0,94.0,97.0,108.0,203.7037037037037
2021-05-22,74.78,77.8,57.99999999999999,90.0,147.0,78.0,93.0,94.0,106.0,210.5263157894737
2021-05-23,67.66,67.16,56.00000000000001,91.0,147.0,76.0,91.0,90.0,107.0,287.5
2021-05-24,66.36,68.17,56.99999999999999,90.0,142.0,83.0,93.0,97.0,106.0,208.69565217391303
2021-05-25,67.55,68.86,55.00000000000001,89.0,141.0,82.0,93.0,98.0,107.0,200.0
2021-05-26,68.14,71.31,57.99999999999999,90.0,141.0,89.0,96.0,103.0,105.0,208.69565217391303
2021-05-27,72.04,72.4,57.99999999999999,91.0,139.0,82.0,99.0,110.0,103.0,200.0
2021-05-28,83.71,86.96,60.0,93.0,146.0,83.0,96.0,99.0,107.0,196.29629629629628
2021-05-29,72.9,76.98,57.99999999999999,91.0,148.0,77.0,94.0,96.0,106.0,215.78947368421052
2021-05-30,66.8,67.98,56.99999999999999,92.0,146.0,74.0,92.0,93.0,107.0,287.5
2021-05-31,66.02,65.9,56.99999999999999,91.0,139.0,78.0,93.0,99.0,107.0,208.69565217391303
2021-06-01,65.97,65.3,53.0,87.0,129.0,64.0,92.0,98.0,108.0,245.83333333333331
2021-06-02,66.36,70.32,56.00000000000001,91.0,144.0,81.0,95.0,103.0,106.0,195.6521739130435
2021-06-03,70.98,74.76,57.99999999999999,92.0,144.0,83.0,99.0,111.0,103.0,200.0
2021-06-04,82.64,89.75,55.00000000000001,92.0,144.0,80.0,95.0,99.0,108.0,203.7037037037037
2021-06-05,74.6,80.5,57.99999999999999,92.0,149.0,81.0,93.0,96.0,106.0,215.78947368421052
2021-06-06,67.16,70.77,57.99999999999999,91.0,145.0,78.0,92.0,92.0,107.0,300.0
2021-06-07,69.2,74.07,57.99999999999999,92.0,143.0,88.0,94.0,99.0,106.0,191.30434782608697
2021-06-08,69.82,71.61,56.99999999999999,92.0,142.0,86.0,94.0,99.0,107.0,179.16666666666666
2021-06-09,69.12,70.85,56.99999999999999,91.0,140.0,82.0,95.0,103.0,106.0,195.6521739130435
2021-06-10,76.14,78.44,59.0,92.0,138.0,85.0,100.0,110.0,103.0,191.66666666666666
2021-06-11,85.41,87.95,57.99999999999999,93.0,142.0,79.0,97.0,98.0,107.0,211.11111111111111
2021-06-12,79.07,78.22,55.00000000000001,88.0,141.0,67.0,91.0,93.0,107.0,242.1052631578947
2021-06-13,73.81,72.89,64.0,93.0,147.0,77.0,96.0,92.0,105.0,325.0
2021-06-14,69.33,70.69,60.0,91.0,151.0,102.0,76.0,37.0,118.0,91.30434782608695
2021-06-15,67.95,72.96,57.99999999999999,90.0,139.0,85.0,93.0,98.0,107.0,183.33333333333334
2021-06-16,69.66,73.01,60.0,91.0,137.0,86.0,95.0,102.0,105.0,195.6521739130435
2021-06-17,74.96,77.93,61.0,91.0,136.0,85.0,98.0,109.0,103.0,191.66666666666666
2021-06-18,87.32,91.09,61.0,93.0,142.0,83.0,94.0,96.0,107.0,188.88888888888889
2021-06-19,78.94,78.12,60.0,91.0,145.0,79.0,93.0,94.0,105.0,221.05263157894737
2021-06-20,70.8,69.01,56.00000000000001,93.0,144.0,75.0,93.0,91.0,105.0,312.5
2021-06-21,69.15,69.73,61.0,90.0,136.0,84.0,91.0,96.0,106.0,186.95652173913044
2021-06-22,66.78,68.76,56.99999999999999,88.0,133.0,72.0,90.0,96.0,107.0,212.5
2021-06-23,69.82,68.21,54.0,87.0,129.0,68.0,91.0,100.0,106.0,226.08695652173913
2021-06-24,73.53,78.02,56.00000000000001,88.0,130.0,74.0,95.0,107.0,104.0,204.16666666666669
2021-06-25,84.5,91.4,57.99999999999999,93.0,142.0,81.0,94.0,96.0,107.0,181.48148148148147
2021-06-26,79.35,82.53,57.99999999999999,89.0,139.0,68.0,91.0,93.0,107.0,226.31578947368422
2021-06-27,66.39,63.11,66.0,92.0,142.0,76.0,93.0,91.0,106.0,337.5
2021-06-28,70.98,74.65,56.00000000000001,83.0,125.0,66.0,80.0,85.0,112.0,156.52173913043478
2021-06-29,74.18,80.69,65.0,91.0,137.0,84.0,92.0,98.0,106.0,200.0
2021-06-30,78.83,85.91,71.0,94.0,140.0,86.0,95.0,99.0,101.0,230.43478260869563
2021-07-01,74.45,81.2,63.0,94.0,153.0,101.0,82.0,43.0,114.0,91.66666666666667
2021-07-02,83.73,92.07,64.0,93.0,145.0,85.0,94.0,94.0,108.0,170.37037037037038
2021-07-03,77.09,83.19,60.0,92.0,145.0,81.0,94.0,95.0,106.0,205.26315789473682
2021-07-04,73.0,78.32,61.0,93.0,141.0,78.0,95.0,93.0,106.0,287.5
2021-07-05,72.92,78.98,65.0,94.0,140.0,86.0,94.0,97.0,106.0,195.6521739130435
2021-07-06,73.01,80.23,61.0,93.0,139.0,83.0,93.0,97.0,107.0,179.16666666666666
2021-07-07,75.44,83.55,62.0,93.0,138.0,82.0,95.0,101.0,105.0,186.95652173913044
2021-07-08,75.94,85.86,64.0,94.0,137.0,85.0,99.0,108.0,103.0,175.0
2021-07-09,88.17,98.84,62.0,95.0,141.0,85.0,96.0,96.0,107.0,174.07407407407408
2021-07-10,83.14,85.8,61.0,94.0,144.0,81.0,96.0,96.0,105.0,226.31578947368422
2021-07-11,73.65,80.8,61.0,95.0,143.0,79.0,97.0,93.0,105.0,300.0
2021-07-12,73.34,83.97,64.0,94.0,138.0,88.0,93.0,96.0,106.0,169.56521739130434
2021-07-13,75.01,82.85,63.0,94.0,140.0,88.0,93.0,96.0,106.0,179.16666666666666
2021-07-14,75.82,84.26,64.0,93.0,135.0,84.0,95.0,100.0,105.0,182.6086956521739
2021-07-15,78.86,87.05,66.0,94.0,135.0,85.0,100.0,107.0,103.0,175.0
2021-07-16,86.45,98.2,61.0,94.0,137.0,80.0,95.0,94.0,108.0,174.07407407407408
2021-07-17,79.8,86.75,60.0,94.0,142.0,80.0,97.0,95.0,105.0,215.78947368421052
2021-07-18,75.55,80.18,57.99999999999999,94.0,138.0,66.0,95.0,92.0,106.0,337.5
2021-07-19,71.08,71.09,57.99999999999999,88.0,126.0,61.0,88.0,92.0,109.0,217.3913043478261
2021-07-20,70.11,76.55,52.0,85.0,120.0,57.0,85.0,91.0,110.0,200.0
2021-07-21,72.97,83.25,56.99999999999999,92.0,135.0,72.0,93.0,98.0,107.0,186.95652173913044
2021-07-22,77.96,87.26,64.0,95.0,139.0,87.0,99.0,106.0,103.0,175.0
2021-07-23,87.62,94.47,61.0,95.0,144.0,83.0,96.0,94.0,108.0,174.07407407407408
2021-07-24,80.26,85.11,56.99999999999999,92.0,138.0,73.0,95.0,95.0,106.0,226.31578947368422
2021-07-25,72.59,82.75,61.0,95.0,142.0,77.0,97.0,94.0,105.0,312.5
2021-07-26,69.18,81.47,61.0,94.0,135.0,85.0,92.0,93.0,107.0,165.2173913043478
2021-07-27,70.07,80.83,60.0,93.0,133.0,81.0,91.0,94.0,108.0,162.5
2021-07-28,70.71,79.38,59.0,93.0,133.0,81.0,93.0,98.0,106.0,173.91304347826087
2021-07-29,72.83,78.52,59.0,92.0,129.0,78.0,96.0,104.0,104.0,175.0
2021-07-30,82.27,89.64,56.00000000000001,94.0,136.0,76.0,93.0,93.0,109.0,170.37037037037038
2021-07-31,79.12,85.43,56.00000000000001,93.0,139.0,72.0,94.0,96.0,106.0,215.78947368421052
