date,apple_driving,apple_transit,apple_walking,citymapper,google_retail_recreation,google_grocery_pharmacy,google_parks,google_transit,google_workplaces,google_residential,tomtom,waze,TfL_Tube,TfL_Bus,TfL_Bike
2019-12-30,,,,,,,,,,,63.63636363636363,,,,
2019-12-31,,,,,,,,,,,54.05405405405405,,,,
2020-01-01,,,,,,,,,,,28.94736842105263,,,,56.0300736497545
2020-01-02,,,,,,,,,,,48.71794871794872,,,,86.67197601424155
2020-01-03,,,,,,,,,,,57.894736842105274,,,,88.28510597116036
2020-01-04,,,,,,,,,,,71.42857142857143,,,,112.60711692084242
2020-01-05,,,,,,,,,,,73.91304347826087,,,,90.75083150520132
2020-01-06,,,,,,,,,,,90.9090909090909,,,,92.47240011000667
2020-01-07,,,,,,,,,,,91.8918918918919,,,,99.0470994726314
2020-01-08,,,,,,,,,,,92.10526315789474,,,,106.43643263757116
2020-01-09,,,,,,,,,,,97.43589743589745,,,,102.30295041290272
2020-01-10,,,,,,,,,,,86.8421052631579,,,,101.57378051109669
2020-01-11,,,,,,,,,,,92.85714285714286,,,,108.75573256094616
2020-01-12,,,,,,,,,,,86.95652173913044,,,,101.14707341269842
2020-01-13,100.0,100.0,100.0,,,,,,,,118.18181818181819,,,,84.79032894500843
2020-01-14,107.65,105.14,108.89,,,,,,,,118.91891891891892,,,,78.37874987113845
2020-01-15,111.2,107.06,116.84,,,,,,,,121.05263157894736,,,,91.65946590955848
2020-01-16,108.29,106.08,118.82,,,,,,,,105.12820512820512,,,,100.90138883515804
2020-01-17,115.08,115.13,132.18,,,,,,,,102.63157894736842,,,,100.89986975569325
2020-01-18,122.2,126.63,160.29,,,,,,,,107.14285714285714,,,,118.74696749150895
2020-01-19,101.06,104.37,105.12,,,,,,,,95.65217391304348,,,,106.5884476534296
2020-01-20,105.14,103.68,108.02,,,,,,,,121.21212121212122,,,,106.2839145448336
2020-01-21,112.18,109.45,120.52,,,,,,,,121.62162162162161,,,,124.51815917136489
2020-01-22,114.32,112.85,124.81,,,,,,,,118.42105263157895,,,,109.00550953268063
2020-01-23,111.18,111.52,127.01,,,,,,,,110.25641025641025,,,,116.68806161745827
2020-01-24,118.01,120.06,137.38,,,,,,,,107.89473684210526,,,,109.11175979983318
2020-01-25,124.14,130.78,162.41,,,,,,,,107.14285714285714,,,,120.86074929501814
2020-01-26,99.42,105.11,97.16,,,,,,,,104.34782608695652,,,,121.213564488474
2020-01-27,103.01,103.7,100.01,,,,,,,,127.27272727272727,,,,90.83781886262578
2020-01-28,105.92,105.84,113.27,,,,,,,,110.8108108108108,,,,113.75978473581216
2020-01-29,108.66,110.18,122.75,,,,,,,,107.89473684210526,,,,113.81250495284888
2020-01-30,109.46,111.72,124.96,,,,,,,,105.12820512820512,,,,119.20843192084318
2020-01-31,118.35,124.67,144.13,,,,,,,,102.63157894736842,,,,205.32098571652804
2020-02-01,121.48,129.92,161.17,,,,,,,,107.14285714285714,,,,143.60773085182535
2020-02-02,103.99,111.18,103.93,,,,,,,,95.65217391304348,,,,110.7170020051165
2020-02-03,101.6,104.18,105.67,,,,,,,,112.12121212121212,,,,154.78294488015024
2020-02-04,105.72,107.19,115.03,,,,,,,,102.7027027027027,,,,114.60342452273176
2020-02-05,110.51,111.08,125.42,,,,,,,,105.26315789473684,,,,113.39880608511456
2020-02-06,110.47,111.71,128.43,,,,,,,,102.56410256410255,,,,110.62171264237332
2020-02-07,115.7,120.48,140.65,,,,,,,,100.0,,,,161.4598961338719
2020-02-08,123.02,134.34,167.8,,,,,,,,96.42857142857143,,,,125.24559669825032
2020-02-09,96.79,103.13,76.79,,,,,,,,78.2608695652174,,,,59.93083465744462
2020-02-10,107.55,106.62,100.51,,,,,,,,124.24242424242425,,,,79.76680888627335
2020-02-11,109.8,109.07,115.26,,,,,,,,113.51351351351352,,,,93.8226922941776
2020-02-12,110.74,111.2,125.35,,,,,,,,107.89473684210526,,,,95.66195039263846
2020-02-13,115.47,110.18,124.69,,,,,,,,115.38461538461539,,,,86.93988694333379
2020-02-14,124.92,123.91,150.77,,,,,,,,110.52631578947368,,,,91.95800524934384
2020-02-15,120.86,131.79,149.35,,89.0,92.0,66.0,90.0,97.0,102.0,103.57142857142857,,,,47.89882885542762
2020-02-16,105.1,116.64,96.03,,91.0,89.0,59.0,91.0,96.0,101.0,100.0,,,,26.689090984593665
2020-02-17,121.24,123.55,131.2,,111.0,104.0,128.0,97.0,87.0,102.0,115.15151515151516,,,,107.84595852729582
2020-02-18,120.38,122.11,131.72,,104.0,98.0,111.0,96.0,87.0,102.0,105.4054054054054,,,,87.3303483979292
2020-02-19,122.6,125.12,137.59,,103.0,97.0,103.0,95.0,87.0,103.0,105.26315789473684,,,,83.78651255091738
2020-02-20,123.31,124.27,136.05,,102.0,96.0,96.0,94.0,87.0,103.0,100.0,,,,74.48810549334041
2020-02-21,129.1,133.95,153.95,,103.0,99.0,110.0,95.0,86.0,103.0,94.73684210526316,,,,83.83148015913497
2020-02-22,128.6,141.61,170.22,,96.0,97.0,93.0,98.0,99.0,100.0,100.0,,,,63.87590457394134
2020-02-23,105.81,111.26,104.41,,99.0,97.0,91.0,101.0,99.0,100.0,104.34782608695652,,,,54.0629731723415
2020-02-24,106.45,107.64,104.32,,97.0,100.0,99.0,97.0,99.0,101.0,115.15151515151516,,,,74.71791255289139
2020-02-25,108.69,109.44,119.88,,99.0,102.0,105.0,100.0,101.0,100.0,113.51351351351352,,,,77.54464156513183
2020-02-26,110.88,110.17,125.12,,98.0,100.0,111.0,98.0,101.0,100.0,113.1578947368421,,,,79.46851629845293
2020-02-27,111.38,111.27,123.88,,100.0,99.0,104.0,99.0,100.0,101.0,112.82051282051282,,,,74.84330378667062
2020-02-28,123.68,122.41,133.76,,98.0,99.0,91.0,98.0,100.0,101.0,113.1578947368421,,,,66.19652931514676
2020-02-29,127.92,129.48,153.92,,98.0,100.0,79.0,95.0,100.0,101.0,114.28571428571428,,,,55.12712428450992
2020-03-01,106.82,109.14,109.26,,109.0,104.0,124.0,105.0,101.0,99.0,108.69565217391305,105.0,104.0,102.0,174.4137353433836
2020-03-02,103.19,102.74,103.64,100.0,102.0,106.0,115.0,97.0,101.0,100.0,115.15151515151516,99.0,95.0,97.0,99.85935837007754
2020-03-03,107.89,105.44,114.68,102.0,99.0,102.0,103.0,96.0,101.0,100.0,110.8108108108108,100.0,95.0,96.0,98.54593747871688
2020-03-04,111.68,106.93,114.25,100.0,97.0,101.0,93.0,96.0,100.0,101.0,121.05263157894736,102.0,95.0,97.0,91.93976619774124
2020-03-05,112.97,106.97,106.5,101.0,91.0,95.0,79.0,94.0,99.0,102.0,123.07692307692308,104.0,92.0,92.0,68.38223374939211
2020-03-06,122.13,118.77,142.09,99.0,101.0,108.0,114.0,97.0,100.0,101.0,110.52631578947368,99.0,92.0,96.0,118.3297736010252
2020-03-07,125.74,127.78,167.1,97.0,98.0,103.0,94.0,96.0,101.0,100.0,103.57142857142857,101.0,91.0,93.0,101.51792060107626
2020-03-08,99.51,100.86,96.86,94.0,99.0,103.0,98.0,96.0,100.0,100.0,100.0,99.0,87.0,95.0,123.05574098798398
2020-03-09,99.57,98.05,97.5,97.0,97.0,106.0,103.0,94.0,99.0,101.0,118.18181818181819,99.0,90.0,95.0,82.50464430116928
2020-03-10,101.66,99.47,105.54,97.0,94.0,107.0,97.0,93.0,98.0,102.0,105.4054054054054,99.0,89.0,97.0,129.45001858045336
2020-03-11,100.34,94.33,106.91,91.0,94.0,108.0,109.0,90.0,97.0,102.0,102.63157894736842,97.0,86.0,93.0,110.70113474111368
2020-03-12,94.95,86.28,98.87,84.0,92.0,114.0,97.0,87.0,95.0,103.0,100.0,97.0,81.0,92.0,113.29784969129231
2020-03-13,97.41,89.95,104.19,75.0,87.0,115.0,96.0,82.0,91.0,105.0,89.47368421052632,93.0,72.0,87.0,96.6800649300456
2020-03-14,96.71,94.84,117.44,75.0,80.0,109.0,83.0,78.0,96.0,104.0,82.14285714285715,89.0,61.0,83.0,128.5991678224688
2020-03-15,73.16,67.46,64.28,67.0,76.0,106.0,79.0,76.0,93.0,104.0,69.56521739130434,83.0,54.0,74.0,92.1937521937522
2020-03-16,75.92,57.95,64.53,60.0,86.0,123.0,126.0,75.0,82.0,107.0,100.0,84.0,60.0,79.0,87.54537534485262
2020-03-17,67.18,46.33,48.95,44.0,72.0,119.0,92.0,63.0,71.0,112.0,81.08108108108108,86.0,44.0,70.0,69.5928892790519
2020-03-18,64.19,40.32,43.31,36.0,67.0,128.0,93.0,57.0,64.0,116.0,73.6842105263158,80.0,35.0,65.0,57.09172852598091
2020-03-19,65.75,38.7,38.76,39.0,64.0,130.0,72.0,53.0,59.0,118.0,79.48717948717949,79.0,30.0,59.0,42.60637098592457
2020-03-20,61.08,34.64,37.49,31.0,54.0,108.0,78.0,49.0,56.0,120.0,60.52631578947368,68.0,24.0,52.0,48.455267110062216
2020-03-21,50.11,28.01,37.36,23.0,38.0,92.0,77.0,42.0,66.0,115.0,46.42857142857143,48.0,13.0,39.0,67.66591104510279
2020-03-22,41.9,25.9,30.76,23.0,33.0,80.0,94.0,39.0,60.0,113.0,34.78260869565217,40.0,11.0,32.0,59.0488137844519
2020-03-23,47.76,24.44,31.25,25.0,41.0,87.0,95.0,37.0,40.0,125.0,48.484848484848484,58.0,15.0,31.0,37.18599463321587
2020-03-24,35.82,17.15,24.63,15.0,24.0,75.0,81.0,28.0,30.0,131.0,29.729729729729726,46.0,9.0,22.0,31.656701781025596
2020-03-25,34.12,15.43,24.09,12.0,21.0,72.0,83.0,24.0,27.0,133.0,31.578947368421055,38.0,7.000000000000001,19.0,33.8829375322664
2020-03-26,31.86,14.49,22.89,10.0,20.0,68.0,80.0,23.0,25.0,134.0,25.641025641025635,35.0,6.0,18.0,33.907148212946765
2020-03-27,32.41,14.05,23.4,9.0,19.0,68.0,70.0,23.0,25.0,135.0,26.31578947368422,34.0,6.0,18.0,31.14819683374293
2020-03-28,26.99,13.6,23.4,8.0,15.0,59.0,43.0,22.0,37.0,123.0,25.0,24.0,4.0,17.0,39.24935606525206
2020-03-29,23.29,13.3,17.83,8.0,13.0,52.0,41.0,20.0,38.0,119.0,21.739130434782595,19.0,4.0,16.0,36.01909877648463
2020-03-30,29.43,14.16,19.72,10.0,21.0,64.0,59.0,21.0,23.0,133.0,24.24242424242425,34.0,6.0,17.0,21.920152091254756
2020-03-31,30.57,13.92,22.29,10.0,21.0,65.0,70.0,21.0,22.0,134.0,24.324324324324323,35.0,5.0,17.0,36.878674505611976
2020-04-01,30.5,13.66,22.19,9.0,19.0,64.0,68.0,20.0,22.0,135.0,23.68421052631578,34.0,5.0,16.0,33.8697061124148
2020-04-02,30.63,13.65,22.76,9.0,19.0,64.0,72.0,20.0,22.0,136.0,23.076923076923066,33.0,5.0,16.0,38.672678373675055
2020-04-03,32.55,13.36,24.34,8.0,19.0,66.0,73.0,21.0,23.0,136.0,23.68421052631578,33.0,5.0,16.0,40.33591920374708
2020-04-04,28.46,12.51,28.49,7.000000000000001,16.0,62.0,70.0,23.0,37.0,123.0,25.0,24.0,4.0,17.0,108.00970873786407
2020-04-05,25.7,12.83,26.06,9.0,16.0,59.0,85.0,24.0,39.0,118.0,21.739130434782595,20.0,4.0,17.0,170.64560521749536
2020-04-06,31.02,13.65,21.63,9.0,22.0,65.0,76.0,21.0,23.0,133.0,27.272727272727266,35.0,5.0,18.0,39.74866717440975
2020-04-07,32.09,13.36,24.64,9.0,21.0,67.0,91.0,22.0,22.0,134.0,27.02702702702703,35.0,5.0,18.0,57.440735748830576
2020-04-08,32.6,13.18,23.87,8.0,20.0,67.0,81.0,21.0,22.0,134.0,26.31578947368422,35.0,5.0,17.0,42.9254149807245
2020-04-09,33.37,13.25,26.13,8.0,22.0,74.0,90.0,22.0,22.0,134.0,25.641025641025635,36.0,5.0,18.0,56.27140760071766
2020-04-10,29.84,12.7,28.59,8.0,17.0,65.0,87.0,18.0,15.0,138.0,15.789473684210535,26.0,4.0,17.0,99.05031840100122
2020-04-11,28.14,12.1,28.58,7.000000000000001,16.0,64.0,66.0,23.0,36.0,123.0,25.0,23.0,4.0,16.0,167.96497123364392
2020-04-12,22.54,11.21,22.86,7.000000000000001,11.0,40.0,75.0,22.0,36.0,119.0,21.739130434782595,19.0,4.0,14.000000000000002,140.83034936610858
2020-04-13,26.93,12.72,22.8,8.0,17.0,57.0,80.0,15.0,13.0,137.0,15.151515151515156,25.0,5.0,18.0,58.24244210802135
2020-04-14,34.12,13.72,25.66,9.0,22.0,68.0,84.0,22.0,23.0,133.0,29.729729729729726,35.0,5.0,19.0,45.84658440401984
2020-04-15,35.22,13.91,27.44,9.0,21.0,68.0,94.0,22.0,23.0,134.0,28.94736842105263,34.0,5.0,18.0,48.46584120777669
2020-04-16,35.09,13.62,26.4,8.0,21.0,68.0,85.0,21.0,24.0,134.0,28.20512820512819,33.0,5.0,18.0,45.40858610972982
2020-04-17,34.98,13.17,23.27,8.0,19.0,66.0,57.0,21.0,25.0,136.0,28.94736842105263,33.0,5.0,18.0,30.714146937189486
2020-04-18,30.72,12.6,26.36,7.000000000000001,16.0,62.0,53.0,23.0,41.0,123.0,28.57142857142857,25.0,4.0,16.0,52.58616167444789
2020-04-19,29.98,13.58,30.4,9.0,17.0,58.0,94.0,25.0,44.0,117.0,26.08695652173914,22.0,4.0,,109.04565692320456
2020-04-20,35.52,14.78,26.56,10.0,23.0,66.0,101.0,23.0,25.0,132.0,30.303030303030297,38.0,5.0,,49.18974534853811
2020-04-21,36.16,14.7,26.45,9.0,22.0,67.0,97.0,23.0,25.0,133.0,29.729729729729726,38.0,5.0,,53.60279150915965
2020-04-22,37.1,14.73,27.74,9.0,21.0,68.0,103.0,23.0,26.0,133.0,28.94736842105263,38.0,5.0,,60.82317961872559
2020-04-23,37.52,14.85,27.79,9.0,22.0,70.0,108.0,23.0,26.0,133.0,30.769230769230774,36.0,5.0,,68.96996715157204
2020-04-24,39.34,14.57,28.31,9.0,21.0,70.0,95.0,25.0,27.0,134.0,31.578947368421055,36.0,5.0,,72.6825421857751
2020-04-25,34.77,14.42,32.12,8.0,18.0,65.0,75.0,26.0,43.0,121.0,32.14285714285714,27.0,4.0,,206.0454645288821
2020-04-26,32.98,15.21,32.09,10.0,19.0,62.0,105.0,28.0,46.0,116.0,26.08695652173914,24.0,3.0,,171.0908522143272
2020-04-27,37.17,15.41,24.59,10.0,24.0,68.0,98.0,24.0,27.0,131.0,36.36363636363637,39.0,5.0,,50.69103745363168
2020-04-28,35.38,14.57,18.51,9.0,18.0,58.0,38.0,20.0,25.0,132.0,32.432432432432435,40.0,5.0,,12.408967956720764
2020-04-29,37.2,15.04,22.16,9.0,21.0,67.0,65.0,23.0,27.0,133.0,31.578947368421055,39.0,5.0,,30.0034566194262
2020-04-30,37.57,14.84,20.88,9.0,19.0,65.0,57.0,22.0,26.0,134.0,30.769230769230774,38.0,5.0,,27.90157126475966
2020-05-01,40.43,15.62,25.0,9.0,20.0,70.0,68.0,25.0,28.0,134.0,34.210526315789465,39.0,5.0,,51.9077132518898
2020-05-02,37.98,15.94,34.33,9.0,19.0,69.0,83.0,29.0,46.0,120.0,35.71428571428571,30.0,4.0,,193.09287830795952
2020-05-03,33.7,16.21,27.38,10.0,18.0,60.0,77.0,26.0,47.0,117.0,26.08695652173914,25.0,4.0,,117.45428849041603
2020-05-04,40.01,17.38,27.3,11.0,25.0,71.0,111.0,26.0,28.0,130.0,39.39393939393939,42.00000000000001,6.0,,81.4178835406526
2020-05-05,41.84,17.57,28.09,11.0,23.0,71.0,100.0,25.0,28.0,131.0,35.13513513513513,42.00000000000001,6.0,,52.66337818510844
2020-05-06,42.93,17.49,30.04,11.0,23.0,73.0,116.0,26.0,29.0,131.0,36.8421052631579,42.00000000000001,5.0,,114.69343029337053
2020-05-07,43.56,17.67,30.98,11.0,25.0,78.0,121.0,27.0,29.0,131.0,33.33333333333334,44.99999999999999,5.0,,95.90857386606
2020-05-08,40.52,17.78,37.92,11.0,21.0,73.0,132.0,24.0,19.0,135.0,21.05263157894737,34.0,7.000000000000001,,126.25544396053684
2020-05-09,40.53,18.45,40.92,11.0,20.0,70.0,105.0,30.0,47.0,119.0,35.71428571428571,33.0,5.0,,188.3405403260999
2020-05-10,36.76,17.92,27.7,10.0,17.0,59.0,64.0,25.0,49.0,117.0,26.08695652173914,28.0,4.0,,73.55258976803304
2020-05-11,,,,13.0,25.0,72.0,83.0,26.0,29.0,130.0,42.42424242424242,44.99999999999999,6.0,,35.44882482654763
2020-05-12,,,,12.0,25.0,73.0,106.0,27.0,30.0,130.0,40.54054054054054,46.0,6.0,,50.0701369583514
2020-05-13,48.96,19.95,31.43,12.0,23.0,71.0,88.0,26.0,30.0,131.0,39.473684210526315,46.0,6.0,,42.92918843428335
2020-05-14,50.41,19.73,32.55,12.0,25.0,74.0,108.0,26.0,30.0,130.0,38.46153846153846,46.0,6.0,,52.99605781865966
2020-05-15,55.15,20.81,37.94,13.0,25.0,76.0,121.0,29.0,32.0,130.0,42.10526315789473,47.0,6.0,,94.35039702652476
2020-05-16,53.53,20.38,42.93,13.0,22.0,72.0,98.0,32.0,51.0,118.0,42.85714285714286,39.0,5.0,,163.94156381562377
2020-05-17,51.94,21.57,41.36,15.0,23.0,69.0,140.0,33.0,54.0,114.0,39.13043478260869,36.0,6.0,,191.80557660251557
2020-05-18,55.22,23.72,38.38,16.0,30.0,78.0,160.0,30.0,32.0,128.0,48.484848484848484,51.0,8.0,,81.50707929934524
2020-05-19,58.66,23.93,40.69,16.0,29.0,79.0,164.0,31.0,32.0,128.0,40.54054054054054,52.0,7.000000000000001,,85.14535454724023
2020-05-20,61.69,25.82,42.97,16.0,28.0,81.0,175.0,31.0,32.0,128.0,36.8421052631579,56.0,7.000000000000001,,105.49464303594674
2020-05-21,60.28,24.67,39.41,15.0,28.0,81.0,154.0,30.0,32.0,129.0,33.33333333333334,52.0,7.000000000000001,,87.0056911164847
2020-05-22,64.74,25.06,42.71,15.0,27.0,81.0,125.0,31.0,34.0,129.0,42.10526315789473,54.0,8.0,,98.37224419045556
2020-05-23,60.05,24.28,43.69,15.0,24.0,76.0,90.0,33.0,55.0,118.0,39.28571428571429,43.99999999999999,6.0,,122.69475357710652
2020-05-24,57.42,24.9,44.9,18.0,26.0,72.0,147.0,37.0,57.0,112.0,34.78260869565217,43.00000000000001,6.0,,208.04671554917223
2020-05-25,65.47,29.48,51.69,20.0,30.0,77.0,260.0,28.0,18.0,128.0,27.272727272727266,58.0,9.0,,235.69538791562388
2020-05-26,67.38,29.31,44.11,17.0,30.0,81.0,157.0,32.0,33.0,127.0,43.24324324324324,64.0,9.0,,110.42274267196936
2020-05-27,67.55,28.33,43.93,17.0,29.0,80.0,154.0,31.0,34.0,127.0,42.10526315789473,59.0,8.0,,121.8506671836128
2020-05-28,71.08,29.02,45.73,17.0,30.0,82.0,166.0,32.0,34.0,128.0,46.15384615384615,58.0,9.0,,102.64047533678226
2020-05-29,73.99,30.22,49.3,18.0,29.0,84.0,161.0,34.0,36.0,127.0,47.36842105263158,60.0,9.0,,116.32019054029566
2020-05-30,72.93,31.42,58.3,19.0,26.0,80.0,148.0,39.0,65.0,114.0,46.42857142857143,55.0,8.0,,171.42715240010926
2020-05-31,66.66,31.19,48.5,21.0,27.0,75.0,168.0,39.0,67.0,111.0,39.13043478260869,51.0,9.0,,185.47069909360133
2020-06-01,69.5,32.18,45.67,20.0,35.0,84.0,175.0,35.0,37.0,125.0,51.51515151515151,64.0,10.0,,102.23448574365632
2020-06-02,71.41,32.59,47.53,20.0,32.0,82.0,170.0,34.0,37.0,125.0,48.64864864864865,66.0,10.0,,140.8499841420869
2020-06-03,66.58,31.34,40.6,18.0,29.0,77.0,101.0,32.0,37.0,127.0,47.36842105263158,61.0,10.0,,75.51004144086707
2020-06-04,66.54,29.03,39.53,17.0,30.0,79.0,107.0,32.0,37.0,128.0,46.15384615384615,59.0,10.0,,72.54839649373692
2020-06-05,70.69,30.35,41.52,17.0,29.0,80.0,97.0,33.0,38.0,128.0,50.0,62.0,10.0,,113.04295463669207
2020-06-06,66.69,31.14,43.07,18.0,25.0,73.0,64.0,35.0,62.0,117.0,46.42857142857143,54.0,10.0,,103.61020423658036
2020-06-07,62.9,30.97,41.9,20.0,28.0,73.0,111.0,38.0,65.0,112.0,43.47826086956522,51.0,11.0,,133.562876323621
2020-06-08,67.38,31.01,41.4,19.0,35.0,81.0,133.0,34.0,39.0,125.0,51.51515151515151,63.0,11.0,,214.8831581335552
2020-06-09,70.64,31.85,45.35,19.0,33.0,80.0,148.0,34.0,39.0,125.0,54.05405405405405,66.0,11.0,25.0,106.12462275874312
2020-06-10,66.57,30.17,36.09,17.0,29.0,75.0,79.0,31.0,38.0,128.0,50.0,64.0,11.0,25.0,66.54471706366564
2020-06-11,68.02,30.24,39.62,17.0,32.0,79.0,107.0,32.0,38.0,127.0,,62.0,11.0,26.0,92.71419875209251
2020-06-12,74.47,33.37,43.84,18.0,31.0,81.0,101.0,34.0,40.0,127.0,57.894736842105274,61.0,11.0,26.0,79.72000719467593
2020-06-13,82.27,36.8,63.42,24.0,31.0,82.0,154.0,42.0,72.0,112.0,64.28571428571429,63.0,12.0,31.0,230.6256306760848
2020-06-14,71.42,35.0,49.37,24.0,32.0,77.0,171.0,42.0,73.0,110.0,52.17391304347826,57.0,11.0,30.0,220.72272248859784
2020-06-15,74.5,36.31,48.64,23.0,45.0,84.0,158.0,38.0,41.0,123.0,66.66666666666667,70.0,14.000000000000002,32.0,97.58005632627516
2020-06-16,74.99,35.46,47.76,21.0,41.0,84.0,153.0,37.0,40.0,124.0,59.45945945945946,69.0,13.0,31.0,125.67659690503784
2020-06-17,73.62,34.33,42.37,20.0,37.0,80.0,117.0,35.0,40.0,125.0,57.894736842105274,66.0,13.0,30.0,79.71345831428135
2020-06-18,74.41,35.35,42.36,20.0,37.0,81.0,110.0,34.0,39.0,126.0,56.41025641025641,65.0,13.0,28.999999999999996,66.72379244885045
2020-06-19,82.88,38.17,50.43,22.0,38.0,86.0,119.0,38.0,42.0,124.0,63.15789473684211,70.0,14.000000000000002,28.999999999999996,94.3415988060014
2020-06-20,86.88,41.19,63.68,27.0,37.0,85.0,143.0,46.0,75.0,111.0,71.42857142857143,70.0,15.0,36.0,173.44227118923826
2020-06-21,71.02,35.95,42.86,24.0,37.0,78.0,139.0,43.0,77.0,109.0,56.52173913043479,62.0,13.0,34.0,147.27953738993298
2020-06-22,83.57,42.1,53.72,26.0,46.0,87.0,197.0,40.0,40.0,122.0,69.6969696969697,72.0,16.0,34.0,110.9390151217339
2020-06-23,87.03,44.45,56.26,26.0,42.0,87.0,190.0,40.0,40.0,122.0,64.86486486486487,78.0,15.0,34.0,125.12620224241458
2020-06-24,90.55,46.58,57.67,26.0,40.0,88.0,189.0,39.0,42.0,122.0,63.15789473684211,80.0,15.0,34.0,130.7908091704282
2020-06-25,92.01,48.25,57.66,27.0,40.0,89.0,188.0,39.0,41.0,122.0,61.53846153846154,84.0,15.0,34.0,124.91028998157309
2020-06-26,96.68,47.16,59.9,27.0,39.0,89.0,157.0,41.0,43.0,122.0,76.3157894736842,81.0,16.0,35.0,127.06862075075304
2020-06-27,85.93,44.12,54.54,25.0,35.0,82.0,92.0,43.0,71.0,112.0,67.85714285714286,70.0,15.0,36.0,106.8267716535433
2020-06-28,79.55,41.37,47.73,28.000000000000004,38.0,77.0,126.0,45.0,78.0,109.0,60.869565217391305,65.0,16.0,36.0,123.71536786853956
2020-06-29,81.79,43.61,49.55,26.0,45.0,85.0,134.0,39.0,42.0,122.0,69.6969696969697,75.0,16.0,33.0,82.47536724035913
2020-06-30,83.32,42.79,48.58,25.0,42.0,82.0,112.0,37.0,42.0,123.0,64.86486486486487,77.0,16.0,32.0,66.76494364924628
2020-07-01,84.76,43.47,51.01,25.0,42.0,83.0,124.0,38.0,43.0,123.0,68.42105263157895,76.0,16.0,33.0,71.30426775931127
2020-07-02,85.05,43.29,49.51,25.0,42.0,83.0,116.0,38.0,42.0,123.0,66.66666666666667,76.0,16.0,33.0,62.4003984063745
2020-07-03,94.29,47.43,57.57,28.000000000000004,42.0,87.0,135.0,42.0,44.0,122.0,78.94736842105264,78.0,17.0,35.0,87.74065955013344
2020-07-04,91.56,50.91,67.33,32.0,43.0,81.0,100.0,48.0,77.0,110.0,71.42857142857143,74.0,18.0,39.0,123.71143240423312
2020-07-05,84.44,48.68,56.97,34.0,48.0,80.0,159.0,50.0,80.0,107.0,60.869565217391305,75.0,21.0,40.0,157.44493392070484
2020-07-06,90.15,51.02,57.67,31.0,52.0,85.0,153.0,42.0,43.0,120.0,75.75757575757575,81.0,19.0,37.0,84.51116713780019
2020-07-07,92.97,50.86,58.11,28.999999999999996,48.0,82.0,132.0,41.0,42.0,121.0,75.67567567567568,86.0,19.0,37.0,77.58679790411831
2020-07-08,88.92,49.03,54.53,28.999999999999996,45.0,80.0,95.0,39.0,43.0,122.0,65.78947368421053,83.0,19.0,36.0,52.54083700965781
2020-07-09,90.6,50.37,55.72,28.999999999999996,46.0,82.0,105.0,40.0,43.0,122.0,66.66666666666667,81.0,19.0,37.0,62.10029157329093
2020-07-10,106.02,56.37,69.06,33.0,48.0,86.0,136.0,44.0,45.0,119.0,73.6842105263158,77.0,21.0,39.0,91.95787107179513
2020-07-11,102.08,58.84,79.34,37.0,46.0,82.0,136.0,52.0,80.0,107.0,78.57142857142858,80.0,24.0,45.0,141.45174825174826
2020-07-12,90.09,53.15,60.94,36.0,49.0,80.0,172.0,53.0,83.0,105.0,65.21739130434784,81.0,24.0,45.0,177.55324562041145
2020-07-13,92.08,54.79,61.49,33.0,53.0,85.0,165.0,43.0,44.0,119.0,72.72727272727273,84.0,21.0,41.0,89.10477945882292
2020-07-14,94.59,55.14,62.74,32.0,51.0,83.0,140.0,42.0,43.0,120.0,70.27027027027027,76.0,20.0,40.0,80.13012664110607
2020-07-15,96.05,56.33,63.72,32.0,52.0,81.0,128.0,40.0,45.0,120.0,71.05263157894737,83.0,21.0,40.0,81.04410138027221
2020-07-16,98.94,57.31,66.0,33.0,54.0,84.0,148.0,41.0,45.0,120.0,69.23076923076923,82.0,21.0,42.0,108.88705299185648
2020-07-17,112.63,66.2,77.95,37.0,54.0,86.0,171.0,46.0,47.0,117.0,81.57894736842105,89.0,24.0,44.0,181.6546336844597
2020-07-18,105.9,66.06,86.51,40.0,50.0,81.0,145.0,52.0,81.0,106.0,78.57142857142858,84.0,28.999999999999996,50.0,180.25580569103064
2020-07-19,88.1,54.74,54.74,36.0,51.0,75.0,113.0,49.0,82.0,106.0,56.52173913043479,77.0,24.0,43.0,101.97063840155944
2020-07-20,99.51,60.56,67.24,35.0,60.0,86.0,189.0,43.0,43.0,118.0,75.75757575757575,81.0,23.0,45.0,95.80469715698392
2020-07-21,100.38,60.34,69.06,34.0,56.0,83.0,167.0,42.0,42.0,118.0,70.27027027027027,83.0,23.0,45.0,90.74718432377988
2020-07-22,104.8,61.47,70.85,35.0,55.0,82.0,166.0,42.0,44.0,119.0,76.3157894736842,86.0,24.0,46.0,97.91970192744034
2020-07-23,104.36,61.78,70.37,35.0,55.0,83.0,156.0,42.0,44.0,119.0,71.7948717948718,84.0,25.0,49.0,101.86781239548226
2020-07-24,112.84,66.13,77.37,37.0,53.0,82.0,145.0,45.0,45.0,118.0,78.94736842105264,86.0,25.0,49.0,129.42119608786277
2020-07-25,101.52,64.0,71.84,38.0,48.0,75.0,73.0,48.0,79.0,108.0,78.57142857142858,82.0,28.000000000000004,51.0,124.11067193675888
2020-07-26,92.54,59.57,59.66,40.0,54.0,76.0,125.0,52.0,85.0,105.0,69.56521739130434,78.0,28.000000000000004,50.0,116.38291259453672
2020-07-27,97.11,61.11,60.84,35.0,56.0,81.0,111.0,41.0,41.0,119.0,72.72727272727273,84.0,24.0,46.0,57.484942329732505
2020-07-28,103.56,63.55,69.64,36.0,57.0,83.0,149.0,43.0,42.0,118.0,72.97297297297297,86.0,25.0,50.0,137.38214087631724
2020-07-29,107.36,65.72,73.89,37.0,58.0,84.0,165.0,44.0,43.0,118.0,76.3157894736842,87.0,25.0,49.0,107.13984057435464
2020-07-30,111.12,67.3,75.37,39.0,59.0,87.0,175.0,44.0,42.0,117.0,74.35897435897436,84.0,26.0,49.0,107.90181744339526
2020-07-31,118.62,71.84,78.69,41.0,54.0,82.0,155.0,46.0,43.0,115.0,78.94736842105264,91.0,27.0,50.0,112.74514986520062
2020-08-01,110.42,70.88,88.94,43.0,51.0,79.0,126.0,54.0,81.0,104.0,82.14285714285715,90.0,32.0,54.0,125.70414383825911
2020-08-02,97.15,63.94,66.38,43.0,56.0,77.0,149.0,55.0,85.0,103.0,69.56521739130434,86.0,28.999999999999996,54.0,128.15891930155735
2020-08-03,104.34,67.07,72.24,39.0,65.0,83.0,161.0,44.0,42.0,116.0,72.72727272727273,88.0,27.0,51.0,107.8561245099204
2020-08-04,106.54,67.67,76.15,39.0,64.0,81.0,154.0,44.0,42.0,117.0,70.27027027027027,87.0,27.0,50.0,104.57484351253188
2020-08-05,108.54,70.56,79.27,40.0,64.0,80.0,155.0,44.0,43.0,117.0,71.05263157894737,88.0,28.000000000000004,51.0,112.63928600058787
2020-08-06,110.94,70.5,76.13,39.0,58.0,83.0,157.0,43.0,42.0,117.0,69.23076923076923,87.0,27.0,49.0,101.11957008508732
2020-08-07,117.96,74.41,79.32,41.0,54.0,82.0,144.0,45.0,44.0,116.0,73.6842105263158,91.0,28.000000000000004,50.0,140.86265981283773
2020-08-08,107.31,74.12,88.36,43.0,51.0,78.0,123.0,52.0,80.0,104.0,67.85714285714286,89.0,32.0,54.0,183.1454098552534
2020-08-09,97.12,65.9,64.89,44.0,55.0,77.0,145.0,54.0,85.0,102.0,60.869565217391305,87.0,31.0,51.0,148.8203082747431
2020-08-10,107.9,71.63,74.2,42.0,68.0,84.0,159.0,45.0,42.0,115.0,78.78787878787878,93.0,28.000000000000004,53.0,135.13624537861153
2020-08-11,106.88,69.3,75.66,42.0,65.0,81.0,146.0,44.0,42.0,116.0,70.27027027027027,92.0,28.000000000000004,49.0,108.30159547092126
2020-08-12,106.4,68.04,74.17,41.0,64.0,81.0,137.0,43.0,43.0,117.0,68.42105263157895,93.0,28.000000000000004,53.0,218.2852927227697
2020-08-13,109.26,68.66,69.12,39.0,57.0,80.0,123.0,42.0,42.0,118.0,76.92307692307692,89.0,26.0,48.0,89.88390935897776
2020-08-14,119.45,71.88,75.56,40.0,55.0,79.0,100.0,45.0,44.0,117.0,94.73684210526316,90.0,28.999999999999996,53.0,129.21527957825597
2020-08-15,106.29,71.68,83.58,43.0,52.0,75.0,81.0,51.0,79.0,106.0,78.57142857142858,85.0,33.0,54.0,105.08620987526346
2020-08-16,93.13,64.36,62.22,43.0,56.0,74.0,112.0,53.0,84.0,104.0,60.869565217391305,82.0,32.0,54.0,135.69056127811646
2020-08-17,106.34,72.27,74.56,43.0,70.0,78.0,127.0,45.0,42.0,116.0,81.81818181818181,89.0,30.0,53.0,96.81277337656378
2020-08-18,111.24,73.98,80.83,44.0,69.0,79.0,135.0,45.0,44.0,116.0,78.37837837837839,88.0,30.0,54.0,100.44961240310076
2020-08-19,109.98,72.56,72.64,43.0,62.0,71.0,78.0,42.0,43.0,118.0,84.21052631578948,94.0,30.0,51.0,53.95174489203316
2020-08-20,114.33,75.51,83.6,43.0,62.0,84.0,161.0,45.0,44.0,116.0,76.92307692307692,90.0,31.0,55.00000000000001,112.53121513203337
2020-08-21,117.92,77.49,83.14,43.0,57.0,80.0,113.0,46.0,45.0,116.0,81.57894736842105,69.0,32.0,54.0,98.47298245614034
2020-08-22,114.4,81.13,98.05,47.0,55.0,78.0,112.0,55.0,83.0,104.0,85.71428571428572,85.0,36.0,59.0,144.9019930818646
2020-08-23,98.36,70.64,69.27,47.0,59.0,75.0,127.0,55.0,86.0,103.0,69.56521739130434,85.0,35.0,57.99999999999999,118.5546055815454
2020-08-24,109.32,76.94,80.94,46.0,74.0,79.0,133.0,46.0,44.0,115.0,81.81818181818181,92.0,32.0,56.99999999999999,95.34542789078247
2020-08-25,110.07,78.02,81.25,46.0,69.0,77.0,97.0,45.0,43.0,117.0,78.37837837837839,95.0,35.0,56.00000000000001,72.31077314426435
2020-08-26,117.51,82.89,94.79,49.0,75.0,81.0,139.0,48.0,46.0,115.0,81.57894736842105,92.0,36.0,57.99999999999999,112.18031837117556
2020-08-27,116.16,74.0,76.09,43.0,60.0,77.0,98.0,44.0,44.0,117.0,89.74358974358975,95.0,32.0,53.0,61.90262922177144
2020-08-28,128.79,80.93,88.6,45.0,61.0,83.0,99.0,48.0,45.0,115.0,100.0,86.0,34.0,55.00000000000001,74.33926388700259
2020-08-29,116.75,83.81,100.51,47.0,57.0,77.0,82.0,55.0,81.0,105.0,89.28571428571429,80.0,42.0,61.0,94.10914822355028
2020-08-30,101.34,76.04,85.02,52.0,65.0,77.0,122.0,59.0,85.0,102.0,73.91304347826087,90.0,39.0,59.0,119.29432782492184
2020-08-31,108.23,83.39,86.98,53.0,82.0,76.0,168.0,41.0,26.0,117.0,51.51515151515151,109.0,45.0,69.0,112.49069567706842
2020-09-01,113.89,81.02,85.42,47.0,66.0,85.0,141.0,48.0,44.0,115.0,89.1891891891892,102.0,33.0,55.00000000000001,97.5253582791722
2020-09-02,114.44,82.55,83.79,47.0,63.0,82.0,119.0,47.0,46.0,116.0,89.47368421052632,95.0,35.0,52.0,93.22139673105497
2020-09-03,113.87,82.17,82.67,48.0,62.0,82.0,110.0,47.0,46.0,116.0,87.17948717948718,95.0,33.0,53.0,83.72374353898603
2020-09-04,127.19,86.65,93.85,50.0,62.0,84.0,117.0,52.0,49.0,114.0,102.63157894736842,96.0,36.0,56.00000000000001,112.90773384151184
2020-09-05,120.73,88.04,110.03,54.0,62.0,82.0,113.0,58.0,83.0,104.0,92.85714285714286,95.0,42.0,61.0,151.90028901734104
2020-09-06,106.47,79.68,80.08,53.0,66.0,82.0,139.0,58.0,85.0,103.0,78.2608695652174,88.0,41.0,57.99999999999999,142.59259259259258
2020-09-07,108.85,82.09,80.31,50.0,68.0,86.0,134.0,51.0,46.0,114.0,100.0,95.0,34.0,57.99999999999999,111.32275857343518
2020-09-08,112.41,82.83,85.2,50.0,65.0,85.0,136.0,51.0,46.0,114.0,97.2972972972973,96.0,34.0,57.99999999999999,104.03250241013636
2020-09-09,114.04,81.07,86.38,50.0,63.0,84.0,131.0,50.0,49.0,114.0,102.63157894736842,97.0,35.0,57.99999999999999,109.9038108939099
2020-09-10,115.22,81.32,87.74,50.0,65.0,86.0,142.0,52.0,49.0,114.0,105.12820512820512,99.0,36.0,57.99999999999999,105.1620743402108
2020-09-11,122.27,86.93,95.21,52.0,64.0,86.0,127.0,55.0,51.0,112.0,105.26315789473684,99.0,37.0,59.0,102.46513136555303
2020-09-12,124.17,92.73,116.0,56.99999999999999,62.0,83.0,119.0,60.0,84.0,104.0,92.85714285714286,96.0,40.0,59.0,135.75643621637258
2020-09-13,110.17,82.51,86.81,57.99999999999999,66.0,83.0,162.0,62.0,87.0,102.0,86.95652173913044,98.0,40.0,57.99999999999999,139.64107497144232
2020-09-14,112.2,83.06,85.79,52.0,68.0,87.0,168.0,53.0,53.0,112.0,106.06060606060606,100.0,35.0,57.99999999999999,94.68317777161693
2020-09-15,115.11,83.16,88.28,52.0,65.0,86.0,149.0,53.0,52.0,113.0,102.7027027027027,100.0,34.0,56.99999999999999,110.70225447006996
2020-09-16,114.63,83.36,89.11,52.0,63.0,84.0,140.0,52.0,53.0,114.0,97.36842105263158,99.0,36.0,57.99999999999999,111.48044911037591
2020-09-17,116.48,84.44,90.62,52.0,64.0,85.0,141.0,52.0,53.0,113.0,102.56410256410255,98.0,35.0,57.99999999999999,109.45257881545972
2020-09-18,124.56,88.49,100.11,53.0,63.0,86.0,129.0,55.0,55.0,112.0,107.89473684210526,99.0,36.0,59.0,111.5978966571873
2020-09-19,123.57,93.2,121.23,57.99999999999999,62.0,82.0,121.0,59.0,84.0,105.0,96.42857142857143,97.0,42.0,57.99999999999999,141.60237553421769
2020-09-20,106.9,82.1,88.82,56.99999999999999,65.0,82.0,152.0,60.0,86.0,103.0,78.2608695652174,91.0,40.0,61.0,197.3524360102216
2020-09-21,103.85,79.03,82.68,52.0,68.0,88.0,151.0,53.0,52.0,113.0,103.03030303030303,96.0,35.0,57.99999999999999,125.04162721603709
2020-09-22,106.02,79.07,85.61,51.0,64.0,86.0,137.0,53.0,52.0,113.0,102.7027027027027,99.0,35.0,59.0,212.84196671993985
2020-09-23,105.06,76.77,78.64,49.0,59.0,82.0,93.0,50.0,54.0,115.0,102.63157894736842,97.0,34.0,56.99999999999999,94.33093883135864
2020-09-24,104.65,74.67,77.59,49.0,60.0,85.0,99.0,50.0,53.0,115.0,100.0,98.0,34.0,56.99999999999999,113.77372975991068
2020-09-25,120.22,84.0,89.57,52.0,60.0,87.0,90.0,53.0,55.0,114.0,121.05263157894736,101.0,36.0,57.99999999999999,104.04934390377257
2020-09-26,113.59,85.32,107.97,55.00000000000001,60.0,83.0,82.0,57.0,84.0,106.0,100.0,94.0,42.0,56.99999999999999,137.368698544024
2020-09-27,95.17,73.91,73.97,52.0,60.0,79.0,90.0,55.0,84.0,106.0,69.56521739130434,88.0,41.0,56.99999999999999,172.08785462151914
2020-09-28,97.89,74.13,75.83,49.0,67.0,87.0,130.0,52.0,54.0,114.0,93.93939393939394,95.0,34.0,56.99999999999999,119.27052999417587
2020-09-29,100.24,74.72,77.08,49.0,62.0,85.0,110.0,51.0,54.0,115.0,102.7027027027027,96.0,34.0,57.99999999999999,130.11492359022944
2020-09-30,101.79,75.83,75.36,50.0,61.0,83.0,92.0,51.0,54.0,115.0,102.63157894736842,101.0,34.0,56.99999999999999,80.09951731124487
2020-10-01,101.58,74.27,78.72,50.0,63.0,88.0,110.0,51.0,56.0,115.0,94.87179487179488,87.0,34.0,57.99999999999999,105.02270410527292
2020-10-02,111.55,78.77,76.5,52.0,53.0,80.0,65.0,51.0,56.0,116.0,123.6842105263158,102.0,34.0,55.00000000000001,37.62456655524664
2020-10-03,106.19,83.45,99.95,55.00000000000001,58.0,84.0,68.0,56.0,83.0,108.0,96.42857142857143,94.0,39.0,54.0,82.35832507055144
2020-10-04,89.34,71.61,61.23,51.0,55.0,74.0,55.0,52.0,83.0,107.0,69.56521739130434,82.0,37.0,52.0,40.32731850608477
2020-10-05,95.56,72.35,69.69,49.0,64.0,87.0,110.0,52.0,55.0,114.0,106.06060606060606,93.0,33.0,59.0,90.40173801552818
2020-10-06,97.6,72.59,72.35,50.0,61.0,85.0,100.0,52.0,54.0,115.0,100.0,98.0,34.0,57.99999999999999,96.1132986155214
2020-10-07,101.26,76.47,79.69,50.0,61.0,85.0,111.0,51.0,56.0,114.0,94.73684210526316,98.0,35.0,59.0,97.95220854453297
2020-10-08,100.87,74.92,75.52,50.0,59.0,84.0,94.0,50.0,55.0,115.0,94.87179487179488,97.0,34.0,56.99999999999999,81.73908114389366
2020-10-09,112.96,83.01,86.49,53.0,59.0,86.0,91.0,53.0,58.0,114.0,110.52631578947368,100.0,36.0,60.0,116.29807692307692
2020-10-10,110.04,90.52,109.36,59.0,61.0,84.0,83.0,58.0,86.0,107.0,96.42857142857143,95.0,43.0,61.0,346.1406690850464
2020-10-11,95.6,77.91,79.11,57.99999999999999,64.0,82.0,114.0,59.0,87.0,105.0,78.2608695652174,88.0,41.0,61.0,211.96419566313668
2020-10-12,94.29,69.02,64.86,48.0,60.0,83.0,92.0,51.0,55.0,115.0,106.06060606060606,97.0,33.0,59.0,94.53868246275354
2020-10-13,96.19,70.55,66.32,48.0,57.0,81.0,79.0,50.0,55.0,116.0,108.1081081081081,97.0,34.0,56.99999999999999,60.84651409384112
2020-10-14,99.32,72.4,74.73,50.0,60.0,86.0,97.0,51.0,57.0,115.0,102.63157894736842,97.0,35.0,59.0,95.8810218738727
2020-10-15,101.63,71.33,74.45,50.0,61.0,87.0,96.0,51.0,57.0,115.0,107.6923076923077,98.0,36.0,59.0,99.41905111682414
2020-10-16,110.26,81.68,89.0,55.00000000000001,61.0,90.0,97.0,55.0,59.0,114.0,107.89473684210526,101.0,38.0,60.0,113.7621235324145
2020-10-17,98.71,78.48,93.09,51.0,57.0,84.0,86.0,53.0,85.0,108.0,78.57142857142858,88.0,37.0,56.99999999999999,134.30895605710185
2020-10-18,88.18,70.35,70.3,51.0,60.0,82.0,108.0,54.0,85.0,107.0,65.21739130434784,75.0,39.0,56.00000000000001,153.28373651278514
2020-10-19,91.25,67.06,66.12,45.0,62.0,86.0,116.0,49.0,54.0,116.0,84.84848484848484,90.0,32.0,56.99999999999999,120.2699325168708
2020-10-20,94.43,68.22,68.84,45.0,59.0,85.0,109.0,49.0,54.0,116.0,91.8918918918919,91.0,32.0,55.00000000000001,95.81164363070664
2020-10-21,93.27,67.63,63.95,44.0,53.0,79.0,71.0,46.0,54.0,118.0,94.73684210526316,94.0,32.0,53.0,55.98031433560882
2020-10-22,95.32,69.62,72.7,46.0,61.0,88.0,111.0,48.0,55.0,116.0,84.61538461538461,88.0,33.0,56.99999999999999,135.89633386341168
2020-10-23,108.35,77.23,82.54,48.0,59.0,88.0,95.0,49.0,56.0,116.0,94.73684210526316,94.0,34.0,56.00000000000001,111.173807035876
2020-10-24,99.21,77.92,89.15,53.0,56.0,82.0,73.0,52.0,85.0,108.0,89.28571428571429,88.0,37.0,56.99999999999999,181.7671809256662
2020-10-25,89.08,73.78,72.24,54.0,64.0,84.0,100.0,54.0,86.0,106.0,78.2608695652174,77.0,41.0,57.99999999999999,123.80865102639297
2020-10-26,99.0,73.45,76.21,47.0,67.0,86.0,119.0,46.0,47.0,117.0,90.9090909090909,94.0,33.0,56.99999999999999,97.5773574817884
2020-10-27,99.6,72.86,71.76,45.0,60.0,81.0,75.0,45.0,46.0,118.0,86.48648648648648,95.0,33.0,52.0,68.35114998380305
2020-10-28,103.18,74.47,78.41,46.0,62.0,84.0,97.0,46.0,48.0,118.0,89.47368421052632,95.0,34.0,55.00000000000001,85.89836034736808
2020-10-29,103.46,74.62,76.18,46.0,59.0,83.0,76.0,44.0,47.0,119.0,84.61538461538461,93.0,34.0,55.00000000000001,70.88202650649606
2020-10-30,114.46,84.29,93.84,50.0,61.0,89.0,95.0,49.0,50.0,117.0,100.0,96.0,36.0,56.99999999999999,117.00715836885706
2020-10-31,100.41,82.43,92.39,54.0,56.0,85.0,67.0,53.0,85.0,108.0,100.0,96.0,39.0,59.0,159.59322504512008
2020-11-01,85.62,69.49,66.27,56.00000000000001,66.0,84.0,87.0,57.0,88.0,105.0,91.30434782608695,94.0,40.0,59.0,139.1139031244834
2020-11-02,94.3,70.1,69.72,53.0,72.0,91.0,101.0,52.0,56.0,114.0,124.24242424242425,102.0,37.0,60.0,94.69382100304794
2020-11-03,102.52,74.54,78.72,56.99999999999999,73.0,89.0,90.0,54.0,57.0,114.0,137.83783783783784,109.0,40.0,62.0,91.64981407789158
2020-11-04,113.82,77.69,90.46,60.0,79.0,92.0,110.0,57.0,59.0,112.0,155.26315789473685,119.0,43.0,64.0,120.03483747986984
2020-11-05,70.96,42.21,43.86,28.000000000000004,36.0,82.0,91.0,40.0,50.0,121.0,66.66666666666667,83.0,23.0,47.0,65.24251737039016
2020-11-06,70.95,42.07,47.61,26.0,35.0,85.0,88.0,40.0,51.0,122.0,65.78947368421053,75.0,22.0,47.0,83.29993062514454
2020-11-07,64.96,41.63,58.68,26.0,34.0,82.0,102.0,38.0,67.0,115.0,53.57142857142857,59.0,17.0,40.0,327.00795799491345
2020-11-08,56.61,41.48,44.93,28.000000000000004,34.0,77.0,107.0,38.0,65.0,112.0,39.13043478260869,51.0,16.0,36.0,168.6323851203501
2020-11-09,70.53,45.85,47.35,30.0,41.0,81.0,104.0,42.0,49.0,120.0,84.84848484848484,77.0,23.0,49.0,70.88830571233419
2020-11-10,72.66,45.65,50.01,28.999999999999996,39.0,84.0,104.0,42.0,49.0,120.0,75.67567567567568,77.0,23.0,49.0,90.0062737572425
2020-11-11,73.82,46.05,49.05,28.000000000000004,38.0,83.0,93.0,41.0,50.0,121.0,78.94736842105264,80.0,23.0,47.0,79.68329644134174
2020-11-12,72.27,45.31,50.42,28.000000000000004,39.0,87.0,106.0,41.0,49.0,121.0,71.7948717948718,76.0,22.0,48.0,89.95527066530484
2020-11-13,75.77,47.1,52.87,28.000000000000004,37.0,89.0,94.0,42.0,51.0,121.0,71.05263157894737,75.0,23.0,49.0,120.30164058436954
2020-11-14,64.76,42.87,47.59,26.0,31.0,79.0,54.0,36.0,65.0,116.0,57.14285714285715,62.0,18.0,38.0,83.04326477167331
2020-11-15,57.54,43.37,41.56,28.999999999999996,34.0,78.0,91.0,39.0,64.0,112.0,47.82608695652174,56.0,19.0,37.0,125.22118938290964
2020-11-16,69.89,45.65,45.86,30.0,41.0,83.0,97.0,42.0,49.0,120.0,78.78787878787878,79.0,24.0,49.0,66.81162494696649
2020-11-17,72.13,45.76,48.57,28.999999999999996,39.0,84.0,96.0,42.0,49.0,120.0,75.67567567567568,79.0,24.0,49.0,81.24165084721929
2020-11-18,74.51,45.9,48.86,28.000000000000004,38.0,83.0,94.0,41.0,50.0,121.0,76.3157894736842,76.0,23.0,48.0,77.95680493657868
2020-11-19,71.58,44.27,45.9,28.000000000000004,37.0,84.0,85.0,40.0,49.0,122.0,69.23076923076923,76.0,23.0,48.0,75.32781999701982
2020-11-20,77.21,47.17,49.86,28.000000000000004,36.0,87.0,75.0,41.0,51.0,122.0,76.3157894736842,77.0,23.0,48.0,73.21312540610786
2020-11-21,72.28,48.9,60.62,31.0,35.0,84.0,86.0,41.0,68.0,114.0,60.71428571428571,66.0,18.0,42.0,235.8725855642155
2020-11-22,61.97,46.69,50.46,33.0,38.0,82.0,124.0,42.0,67.0,111.0,52.17391304347826,59.0,19.0,41.0,225.359502526234
2020-11-23,70.82,47.97,47.52,31.0,42.0,84.0,103.0,42.0,50.0,120.0,81.81818181818181,78.0,24.0,49.0,84.13452105325119
2020-11-24,72.57,47.62,49.11,28.999999999999996,40.0,84.0,99.0,42.0,49.0,120.0,72.97297297297297,81.0,24.0,49.0,84.02088969041178
2020-11-25,73.6,46.59,48.94,28.999999999999996,38.0,82.0,88.0,41.0,51.0,121.0,76.3157894736842,78.0,23.0,48.0,83.0578669402333
2020-11-26,75.05,47.5,49.83,28.999999999999996,40.0,85.0,97.0,41.0,50.0,121.0,76.92307692307692,80.0,23.0,48.0,90.86081934808728
2020-11-27,78.72,50.13,53.58,30.0,39.0,88.0,86.0,42.0,51.0,121.0,76.3157894736842,80.0,23.0,47.0,82.92224154452212
2020-11-28,74.14,51.71,62.97,32.0,37.0,84.0,84.0,42.0,70.0,114.0,60.71428571428571,68.0,19.0,42.0,188.54566705626985
2020-11-29,61.4,47.2,46.66,32.0,37.0,79.0,97.0,41.0,68.0,111.0,47.82608695652174,60.0,19.0,39.0,189.81882770870337
2020-11-30,73.13,50.61,49.0,32.0,44.0,84.0,90.0,43.0,51.0,119.0,84.84848484848484,80.0,25.0,49.0,70.1602777162272
2020-12-01,75.64,52.95,52.09,33.0,43.0,86.0,96.0,43.0,52.0,119.0,81.08108108108108,83.0,25.0,51.0,74.43247665144182
2020-12-02,85.08,60.57,61.11,41.0,57.0,87.0,87.0,47.0,58.0,117.0,102.63157894736842,93.0,30.0,56.00000000000001,83.32135892435595
2020-12-03,91.53,63.77,60.56,44.0,54.0,82.0,66.0,47.0,56.0,118.0,117.94871794871796,98.0,31.0,54.0,51.04376390802162
2020-12-04,100.68,74.48,79.75,48.0,58.0,91.0,76.0,51.0,58.0,116.0,107.89473684210526,94.0,34.0,57.99999999999999,103.05192413920088
2020-12-05,99.5,82.08,104.39,55.00000000000001,62.0,90.0,86.0,58.0,86.0,108.0,107.14285714285714,94.0,40.0,57.99999999999999,162.84589131005512
2020-12-06,79.81,66.9,67.1,52.0,62.0,85.0,89.0,56.0,85.0,107.0,82.60869565217392,86.0,38.0,55.00000000000001,135.658500767639
2020-12-07,85.69,64.8,63.17,45.0,62.0,88.0,87.0,49.0,55.0,116.0,109.0909090909091,96.0,32.0,56.00000000000001,72.9030095351609
2020-12-08,89.22,64.62,66.55,45.0,59.0,88.0,85.0,49.0,56.0,116.0,108.1081081081081,97.0,33.0,57.99999999999999,89.38615185324474
2020-12-09,90.29,66.81,70.08,46.0,58.0,88.0,86.0,48.0,57.0,116.0,97.36842105263158,99.0,34.0,56.00000000000001,83.75533637568084
2020-12-10,92.98,67.78,73.19,47.0,59.0,89.0,88.0,49.0,56.0,117.0,100.0,96.0,34.0,57.99999999999999,118.89985174582075
2020-12-11,102.72,79.32,89.89,50.0,58.0,91.0,87.0,52.0,58.0,116.0,102.63157894736842,101.0,36.0,57.99999999999999,107.45852745243174
2020-12-12,99.6,84.59,109.65,54.0,59.0,89.0,82.0,58.0,85.0,108.0,96.42857142857143,96.0,43.0,59.0,196.07123436650355
2020-12-13,78.38,66.44,63.74,50.0,56.0,82.0,68.0,53.0,84.0,108.0,78.2608695652174,86.0,37.0,54.0,93.70016521801595
2020-12-14,91.85,69.28,69.37,47.0,63.0,88.0,90.0,49.0,53.0,116.0,115.15151515151516,101.0,35.0,56.99999999999999,65.51910075075698
2020-12-15,100.14,73.29,83.69,49.0,68.0,93.0,99.0,52.0,54.0,115.0,113.51351351351352,108.0,38.0,60.0,131.95305693640137
2020-12-16,85.35,56.77,56.48,36.0,49.0,88.0,81.0,44.0,52.0,119.0,86.8421052631579,98.0,28.999999999999996,52.0,70.82297313822198
2020-12-17,85.92,57.6,61.61,35.0,51.0,94.0,102.0,44.0,50.0,119.0,79.48717948717949,88.0,28.999999999999996,54.0,105.69965075669384
2020-12-18,91.24,60.39,63.41,34.0,47.0,91.0,74.0,44.0,48.0,120.0,84.21052631578948,88.0,28.999999999999996,52.0,128.0880810905278
2020-12-19,81.28,53.79,59.2,32.0,47.0,90.0,70.0,49.0,78.0,111.0,89.28571428571429,82.0,32.0,54.0,177.0756954927755
2020-12-20,54.32,39.87,35.91,24.0,35.0,82.0,94.0,41.0,72.0,110.0,47.82608695652174,61.0,19.0,41.0,167.26758916390568
2020-12-21,65.7,40.4,42.0,23.0,42.0,95.0,81.0,34.0,37.0,123.0,60.60606060606061,79.0,22.0,43.0,70.42154865002547
2020-12-22,66.68,37.09,43.99,22.0,42.0,97.0,89.0,33.0,35.0,124.0,54.05405405405405,78.0,21.0,44.0,141.7210162562056
2020-12-23,66.6,37.33,42.38,21.0,41.0,104.0,79.0,32.0,35.0,125.0,55.26315789473684,79.0,20.0,44.0,38.22546605698206
2020-12-24,53.87,31.69,35.16,19.0,39.0,103.0,94.0,28.0,28.0,127.0,48.71794871794872,73.0,22.0,46.0,276.7866738312735
2020-12-25,24.49,15.54,16.04,6.0,8.0,16.0,73.0,8.0,12.0,137.0,10.526315789473685,55.0,,,150.89494163424123
2020-12-26,35.03,29.42,23.8,14.000000000000002,15.0,42.0,58.0,21.0,44.0,120.0,25.0,46.0,9.0,26.0,109.87314823028476
2020-12-27,44.03,32.85,31.41,20.0,29.0,68.0,92.0,32.0,65.0,112.0,39.13043478260869,49.0,14.000000000000002,35.0,144.27556583512307
2020-12-28,47.38,34.62,31.79,20.0,32.0,69.0,96.0,22.0,20.0,131.0,24.24242424242425,57.0,25.0,50.0,77.90996180577297
2020-12-29,55.36,36.66,40.39,22.0,35.0,79.0,89.0,27.0,28.0,128.0,32.432432432432435,65.0,17.0,40.0,114.68453378001118
2020-12-30,56.66,36.48,42.37,22.0,36.0,86.0,102.0,27.0,29.0,128.0,36.8421052631579,67.0,18.0,42.0,154.1031492469192
2020-12-31,56.06,34.43,40.5,20.0,35.0,93.0,88.0,26.0,27.0,129.0,35.8974358974359,70.0,17.0,42.0,80.16863953299821
2021-01-01,37.11,26.45,24.67,14.000000000000002,15.0,39.0,69.0,16.0,16.0,136.0,,52.0,12.0,38.0,59.35324746505892
2021-01-02,51.87,34.41,39.95,18.0,26.0,69.0,74.0,28.0,58.0,118.0,,48.0,15.0,34.0,111.67290081258868
2021-01-03,48.8,36.62,34.26,22.0,28.0,67.0,80.0,32.0,66.0,113.0,,48.0,19.0,37.0,104.865876481597
2021-01-04,56.42,37.35,37.69,23.0,34.0,75.0,68.0,31.0,39.0,125.0,48.484848484848484,67.0,19.0,36.0,43.63767684921613
2021-01-05,55.83,33.89,36.55,20.0,30.0,71.0,59.0,29.0,37.0,127.0,45.945945945945944,68.0,17.0,33.0,34.60507472551684
2021-01-06,55.46,33.01,38.63,19.0,30.0,73.0,80.0,29.0,38.0,127.0,44.73684210526315,64.0,17.0,32.0,43.63189046566355
2021-01-07,55.56,32.43,38.41,19.0,30.0,73.0,81.0,29.0,38.0,128.0,41.02564102564102,62.0,16.0,32.0,47.1747451396521
2021-01-08,60.09,33.25,40.69,18.0,28.0,72.0,66.0,29.0,39.0,128.0,44.73684210526315,62.0,16.0,31.0,42.36019705915536
2021-01-09,55.17,32.92,47.75,18.0,27.0,73.0,76.0,30.0,63.0,117.0,46.42857142857143,48.0,14.000000000000002,33.0,107.98979082283748
2021-01-10,46.18,32.37,34.23,19.0,26.0,66.0,71.0,29.0,63.0,114.0,34.78260869565217,43.99999999999999,14.000000000000002,32.0,83.6326855881812
2021-01-11,56.6,33.47,39.13,21.0,33.0,72.0,81.0,30.0,38.0,126.0,51.51515151515152,69.0,16.0,32.0,48.86406904429496
2021-01-12,56.94,33.13,39.06,19.0,30.0,70.0,72.0,29.0,37.0,127.0,48.64864864864865,66.0,16.0,31.0,50.88780744442983
2021-01-13,56.7,32.94,37.09,18.0,28.0,68.0,58.0,28.0,37.0,127.0,47.36842105263158,67.0,15.0,30.0,38.21152810199317
2021-01-14,58.55,32.44,35.69,18.0,26.0,67.0,53.0,27.0,36.0,128.0,51.28205128205129,65.0,15.0,30.0,25.58086036346906
2021-01-15,62.92,34.1,42.63,18.0,28.0,74.0,74.0,29.0,38.0,127.0,50.0,64.0,16.0,32.0,54.18736553882261
2021-01-16,54.63,32.99,42.88,17.0,24.0,69.0,54.0,28.0,60.0,118.0,46.42857142857143,50.0,12.0,31.0,62.17886511057766
2021-01-17,49.5,34.13,41.98,22.0,29.0,70.0,106.0,32.0,63.0,113.0,43.47826086956522,44.99999999999999,14.000000000000002,34.0,138.75246965848152
2021-01-18,57.92,35.14,40.21,21.0,32.0,71.0,85.0,30.0,37.0,125.0,54.545454545454554,70.0,16.0,32.0,45.853118640437
2021-01-19,58.75,34.67,40.42,20.0,30.0,70.0,73.0,29.0,36.0,126.0,51.35135135135135,69.0,15.0,31.0,44.11568565511916
2021-01-20,58.32,34.23,37.51,19.0,27.0,67.0,59.0,28.0,37.0,127.0,50.0,69.0,15.0,31.0,33.14788553143522
2021-01-21,59.56,34.56,41.91,19.0,30.0,74.0,87.0,29.0,37.0,127.0,46.15384615384615,66.0,15.0,32.0,53.06788743390468
2021-01-22,65.0,36.62,47.02,20.0,30.0,76.0,92.0,31.0,40.0,126.0,52.63157894736843,68.0,16.0,33.0,63.69195490158609
2021-01-23,60.13,36.39,51.08,21.0,28.0,75.0,79.0,31.0,63.0,116.0,53.57142857142857,54.0,13.0,34.0,134.08699516693517
2021-01-24,43.39,33.49,30.88,20.0,24.0,63.0,92.0,28.0,60.0,114.0,56.52173913043479,41.0,12.0,30.0,51.55206286836936
2021-01-25,57.91,36.19,40.03,22.0,33.0,74.0,94.0,31.0,38.0,125.0,63.63636363636364,71.0,17.0,33.0,56.34849070376573
2021-01-26,59.33,34.67,38.45,20.0,30.0,70.0,67.0,29.0,37.0,126.0,56.75675675675676,70.0,16.0,31.0,38.56932946278178
2021-01-27,60.77,35.25,40.39,19.0,30.0,73.0,77.0,29.0,38.0,126.0,55.26315789473684,70.0,16.0,32.0,43.12073527363877
2021-01-28,62.65,36.32,42.0,19.0,31.0,76.0,86.0,30.0,38.0,126.0,61.53846153846154,70.0,16.0,33.0,49.17719234933237
2021-01-29,66.91,37.29,45.03,20.0,30.0,79.0,78.0,32.0,40.0,126.0,57.894736842105274,71.0,16.0,33.0,56.012537267792986
2021-01-30,59.13,35.55,39.81,19.0,25.0,71.0,41.0,29.0,61.0,117.0,53.57142857142857,58.0,14.000000000000002,32.0,38.99411823347622
2021-01-31,52.26,36.12,38.67,22.0,30.0,73.0,87.0,32.0,63.0,113.0,47.82608695652174,50.0,15.0,35.0,103.07250359083244
2021-02-01,60.93,36.41,41.27,22.0,34.0,75.0,85.0,32.0,38.0,124.0,60.60606060606061,71.0,17.0,34.0,44.292595896520965
2021-02-02,61.73,35.92,42.94,21.0,33.0,76.0,90.0,32.0,38.0,125.0,59.45945945945946,71.0,17.0,33.0,48.94384337970119
2021-02-03,62.0,36.51,41.89,20.0,31.0,74.0,77.0,30.0,39.0,126.0,55.26315789473684,68.0,17.0,33.0,43.75764162477924
2021-02-04,62.63,36.67,40.74,20.0,31.0,74.0,73.0,29.0,39.0,126.0,53.84615384615385,72.0,16.0,33.0,37.81897790244236
2021-02-05,69.13,39.61,49.91,21.0,33.0,84.0,102.0,32.0,41.0,125.0,63.15789473684211,72.0,17.0,35.0,68.87530824488046
2021-02-06,63.34,38.97,50.46,21.0,30.0,78.0,72.0,32.0,64.0,115.0,60.71428571428572,60.0,15.0,35.0,87.4176181193725
2021-02-07,46.89,35.3,29.99,21.0,25.0,65.0,52.0,28.0,60.0,114.0,43.47826086956522,48.0,18.0,39.0,96.61572052401746
2021-02-08,55.97,36.45,36.16,24.0,31.0,71.0,82.0,30.0,37.0,125.0,66.66666666666667,69.0,17.0,32.0,30.57592105869876
2021-02-09,57.29,35.8,37.43,22.0,30.0,72.0,73.0,29.0,37.0,126.0,56.75675675675676,70.0,17.0,31.0,26.80049436350698
2021-02-10,61.59,37.72,41.01,22.0,33.0,79.0,81.0,30.0,39.0,126.0,57.894736842105274,72.0,17.0,33.0,41.91950240480237
2021-02-11,62.55,37.17,40.46,21.0,32.0,79.0,76.0,30.0,39.0,126.0,58.97435897435898,71.0,17.0,34.0,43.69821194941125
2021-02-12,69.87,39.56,44.48,21.0,32.0,82.0,71.0,32.0,41.0,126.0,65.78947368421053,75.0,18.0,34.0,44.67024393956692
2021-02-13,69.81,39.98,50.41,22.0,31.0,83.0,68.0,33.0,64.0,115.0,78.57142857142858,65.0,18.0,39.0,161.7012533388124
2021-02-14,57.13,37.2,40.69,22.0,32.0,76.0,78.0,33.0,65.0,113.0,56.52173913043479,58.0,18.0,39.0,215.3259685700949
2021-02-15,69.33,41.63,45.97,24.0,38.0,80.0,109.0,33.0,37.0,123.0,84.84848484848484,78.0,18.0,38.0,52.23669753570868
2021-02-16,67.93,41.12,45.19,22.0,35.0,79.0,81.0,32.0,37.0,125.0,67.56756756756758,78.0,18.0,37.0,48.71425138187935
2021-02-17,70.04,42.83,46.66,22.0,34.0,78.0,79.0,32.0,38.0,125.0,68.42105263157895,79.0,18.0,38.0,53.27017368902186
2021-02-18,69.91,42.44,48.34,22.0,35.0,82.0,100.0,32.0,38.0,125.0,61.53846153846154,75.0,18.0,39.0,71.55057379236722
2021-02-19,75.56,45.28,52.67,23.0,34.0,84.0,91.0,33.0,40.0,125.0,71.05263157894737,77.0,18.0,39.0,70.55244585057191
2021-02-20,72.74,46.48,65.02,27.0,35.0,84.0,113.0,38.0,67.0,114.0,78.57142857142858,66.0,20.0,39.0,213.19926279271465
2021-02-21,59.23,43.4,48.76,27.0,35.0,77.0,128.0,37.0,68.0,111.0,60.869565217391305,57.0,19.0,38.0,237.7809694793537
2021-02-22,66.33,44.78,45.27,25.0,37.0,78.0,89.0,34.0,41.0,123.0,69.6969696969697,75.0,19.0,34.0,59.148826633489215
2021-02-23,68.99,45.54,50.2,25.0,38.0,82.0,118.0,34.0,41.0,123.0,67.56756756756758,78.0,19.0,35.0,79.65962528924386
2021-02-24,70.56,46.37,51.03,24.0,36.0,82.0,116.0,34.0,42.0,124.0,65.78947368421053,78.0,19.0,35.0,79.09557846341725
2021-02-25,70.85,45.48,48.58,23.0,35.0,83.0,97.0,33.0,42.0,125.0,61.53846153846154,76.0,18.0,36.0,90.50545094152626
2021-02-26,83.8,50.27,60.31,26.0,38.0,91.0,134.0,37.0,44.0,123.0,84.21052631578948,79.0,20.0,39.0,157.85101677544634
2021-02-27,80.29,53.59,73.42,30.0,37.0,88.0,131.0,40.0,70.0,112.0,89.28571428571429,73.0,21.0,44.0,415.9127495170638
2021-02-28,63.11,46.88,49.09,28.000000000000004,36.0,80.0,118.0,38.0,69.0,111.0,60.869565217391305,61.0,18.0,39.0,324.141541038526
2021-03-01,70.42,48.31,49.69,27.0,40.0,84.0,114.0,35.0,42.0,122.0,72.72727272727273,79.0,20.0,36.0,68.4164512695758
2021-03-02,71.12,47.79,50.38,25.0,37.0,82.0,102.0,34.0,41.0,123.0,64.86486486486487,79.0,19.0,35.0,64.39079207246475
2021-03-03,71.38,47.4,46.07,24.0,34.0,78.0,75.0,33.0,42.0,124.0,68.42105263157895,81.0,19.0,35.0,48.66653457499505
2021-03-04,71.18,46.73,48.14,24.0,35.0,84.0,85.0,33.0,42.0,124.0,64.1025641025641,78.0,18.0,35.0,62.2224023342519
2021-03-05,79.2,51.26,54.69,26.0,36.0,89.0,93.0,36.0,45.0,124.0,73.6842105263158,80.0,20.0,37.0,85.91200341734302
2021-03-06,76.13,52.48,63.49,28.000000000000004,35.0,86.0,87.0,38.0,69.0,114.0,78.57142857142858,72.0,19.0,38.0,154.64006498121637
2021-03-07,64.25,49.76,49.73,28.999999999999996,37.0,83.0,123.0,38.0,70.0,111.0,69.56521739130434,62.0,18.0,40.0,238.06742323097464
2021-03-08,73.8,50.74,51.24,28.999999999999996,42.0,89.0,117.0,39.0,44.0,120.0,93.93939393939394,83.0,22.0,43.0,66.86700907004699
2021-03-09,76.82,52.16,57.03,28.999999999999996,41.0,88.0,138.0,40.0,45.0,120.0,97.2972972972973,85.0,23.0,47.0,117.15904868078782
2021-03-10,75.16,49.11,45.28,26.0,33.0,80.0,67.0,36.0,46.0,122.0,86.8421052631579,84.0,22.0,44.0,41.80130758247539
2021-03-11,76.79,49.57,49.19,27.0,37.0,89.0,93.0,38.0,46.0,122.0,89.74358974358975,82.0,22.0,47.0,70.85799446455184
2021-03-12,,,,28.000000000000004,36.0,93.0,95.0,40.0,49.0,121.0,94.73684210526316,83.0,23.0,48.0,72.58251526629049
2021-03-13,78.81,53.45,61.13,28.999999999999996,35.0,91.0,81.0,39.0,70.0,113.0,89.28571428571429,75.0,19.0,43.0,165.11789181692097
2021-03-14,65.83,48.39,46.93,30.0,36.0,85.0,103.0,40.0,75.0,110.0,82.60869565217392,67.0,18.0,41.0,152.57985257985257
2021-03-15,73.93,52.2,49.95,30.0,41.0,86.0,109.0,40.0,47.0,119.0,96.96969696969697,84.0,24.0,48.0,59.15492957746479
2021-03-16,76.86,51.9,51.65,28.999999999999996,38.0,86.0,102.0,40.0,46.0,120.0,94.5945945945946,86.0,23.0,48.0,68.26877354694759
2021-03-17,78.51,52.34,51.93,28.999999999999996,37.0,87.0,101.0,39.0,48.0,120.0,94.73684210526316,86.0,24.0,49.0,61.97309119830329
2021-03-18,77.77,50.62,50.19,28.000000000000004,36.0,88.0,91.0,39.0,47.0,121.0,87.17948717948718,84.0,23.0,48.0,53.83128804715432
2021-03-19,85.65,55.68,61.16,31.0,39.0,95.0,129.0,43.0,50.0,119.0,102.63157894736842,86.0,24.0,49.0,94.7757991847243
2021-03-20,79.59,56.87,69.02,31.0,35.0,87.0,97.0,40.0,71.0,113.0,78.57142857142858,74.0,19.0,40.0,134.63222074572033
2021-03-21,66.23,52.32,52.14,32.0,37.0,84.0,131.0,41.0,73.0,110.0,65.21739130434784,65.0,20.0,40.0,119.9313729107479
2021-03-22,76.51,54.86,56.03,32.0,44.0,92.0,158.0,42.0,48.0,118.0,96.96969696969697,85.0,25.0,49.0,80.68927613074261
2021-03-23,78.59,55.32,55.31,30.0,40.0,89.0,125.0,41.0,47.0,119.0,86.48648648648648,85.0,24.0,49.0,74.92961310936067
2021-03-24,79.4,54.49,54.48,28.999999999999996,39.0,89.0,115.0,40.0,49.0,120.0,86.8421052631579,85.0,24.0,48.0,73.33828084667012
2021-03-25,79.82,53.97,52.96,28.999999999999996,38.0,91.0,107.0,40.0,48.0,121.0,89.74358974358975,86.0,24.0,48.0,63.5153711572107
2021-03-26,86.78,56.96,55.54,30.0,36.0,92.0,86.0,41.0,50.0,121.0,92.10526315789474,89.0,23.0,48.0,49.58850088586615
2021-03-27,85.63,65.12,73.11,34.0,38.0,91.0,112.0,43.0,72.0,112.0,89.28571428571429,79.0,22.0,43.0,121.48902244572552
2021-03-28,69.74,57.44,50.14,32.0,34.0,80.0,101.0,39.0,70.0,111.0,60.869565217391305,68.0,20.0,40.0,117.35302894658312
2021-03-29,85.77,64.47,65.44,38.0,47.0,95.0,198.0,44.0,48.0,117.0,100.0,90.0,26.0,50.0,108.21609632446136
2021-03-30,95.24,74.29,78.52,41.0,45.0,96.0,218.0,45.0,48.0,116.0,108.1081081081081,98.0,28.000000000000004,53.0,201.92410475681456
2021-03-31,92.64,69.84,69.4,38.0,43.0,96.0,160.0,44.0,49.0,118.0,97.36842105263158,100.0,27.0,50.0,148.38529444630686
2021-04-01,95.13,68.39,66.07,38.0,46.0,106.0,147.0,43.0,46.0,118.0,102.56410256410255,101.0,26.0,54.0,142.077993988293
2021-04-02,84.47,69.07,66.06,39.0,38.0,94.0,145.0,33.0,26.0,126.0,57.894736842105274,80.0,28.000000000000004,48.0,140.6103629976581
2021-04-03,80.92,64.87,63.38,36.0,35.0,93.0,99.0,41.0,66.0,111.0,78.57142857142858,77.0,25.0,46.0,165.43986526649493
2021-04-04,68.8,60.01,56.55,41.0,31.0,64.0,181.0,47.0,69.0,106.0,78.2608695652174,77.0,30.0,47.0,279.4890205229462
2021-04-05,74.81,64.44,52.2,35.0,39.0,82.0,148.0,28.0,21.0,126.0,42.42424242424242,84.0,27.0,46.0,100.37319116527036
2021-04-06,87.79,68.6,61.56,35.0,41.0,90.0,114.0,39.0,40.0,121.0,81.08108108108108,94.0,25.0,47.0,86.89447395544279
2021-04-07,93.4,69.83,62.76,35.0,40.0,88.0,112.0,39.0,42.0,121.0,81.57894736842105,92.0,26.0,43.0,76.74196323318571
2021-04-08,91.64,67.72,64.08,34.0,41.0,90.0,127.0,39.0,42.0,121.0,76.92307692307693,90.0,25.0,46.0,87.12118740825315
2021-04-09,99.31,69.65,67.94,35.0,39.0,93.0,132.0,42.0,45.0,120.0,89.47368421052632,92.0,26.0,47.0,110.29189825891709
2021-04-10,86.83,67.18,63.04,35.0,34.0,87.0,80.0,42.0,72.0,112.0,78.57142857142858,80.0,24.0,44.0,118.65994603126111
2021-04-11,84.14,72.76,61.03,42.0,39.0,85.0,135.0,46.0,75.0,108.0,78.2608695652174,75.0,27.0,45.0,149.57901867802187
2021-04-12,97.72,84.92,82.02,50.0,66.0,95.0,136.0,48.0,44.0,116.0,106.06060606060606,101.0,34.0,60.0,92.49287609315122
2021-04-13,95.95,81.06,80.63,47.0,58.0,93.0,128.0,46.0,43.0,117.0,89.1891891891892,99.0,32.0,57.99999999999999,91.52779544587204
2021-04-14,97.65,80.83,81.54,47.0,57.0,94.0,132.0,46.0,44.0,118.0,92.10526315789474,99.0,32.0,56.99999999999999,82.72510046703594
2021-04-15,100.54,81.71,79.6,47.0,55.0,93.0,113.0,45.0,45.0,118.0,97.43589743589745,97.0,33.0,54.0,71.21940438698272
2021-04-16,107.87,88.86,91.77,50.0,55.0,97.0,133.0,49.0,47.0,116.0,100.0,99.0,35.0,56.99999999999999,92.88628604735074
2021-04-17,104.86,95.19,107.05,57.99999999999999,54.0,94.0,133.0,58.0,78.0,106.0,110.71428571428571,99.0,42.0,59.0,111.32298169228348
2021-04-18,93.54,82.39,77.32,55.00000000000001,57.0,92.0,161.0,58.0,80.0,105.0,104.34782608695652,93.0,40.0,57.99999999999999,99.24780841237798
2021-04-19,93.38,78.93,74.08,48.0,60.0,97.0,166.0,50.0,53.0,115.0,115.15151515151516,99.0,34.0,60.0,85.04958701306124
2021-04-20,98.36,84.01,80.72,49.0,56.0,95.0,143.0,50.0,53.0,115.0,116.21621621621621,97.0,38.0,63.0,101.3637685373655
2021-04-21,97.86,78.48,74.89,47.0,55.0,94.0,124.0,48.0,54.0,116.0,113.1578947368421,100.0,35.0,60.0,86.82737713519501
2021-04-22,99.48,80.37,79.18,49.0,57.0,97.0,144.0,49.0,55.0,115.0,115.38461538461539,98.0,35.0,59.0,93.16928671984984
2021-04-23,109.81,90.53,90.51,54.0,56.0,100.0,144.0,52.0,57.0,114.0,123.68421052631578,100.0,37.0,57.99999999999999,108.10913105188456
2021-04-24,109.36,97.3,110.76,60.0,56.0,96.0,138.0,58.0,80.0,105.0,121.42857142857142,99.0,45.0,60.0,245.6951460575445
2021-04-25,91.7,80.41,72.72,55.00000000000001,57.0,90.0,133.0,54.0,80.0,106.0,100.0,88.0,37.0,59.0,131.00504982794834
2021-04-26,93.48,77.24,69.02,47.0,59.0,96.0,142.0,49.0,55.0,115.0,121.21212121212122,97.0,34.0,59.0,77.53679550077779
2021-04-27,98.37,79.75,74.56,49.0,57.0,94.0,134.0,50.0,54.0,115.0,116.21621621621621,101.0,34.0,57.99999999999999,78.48262588431128
2021-04-28,98.01,76.66,68.54,47.0,51.0,91.0,95.0,48.0,55.0,116.0,115.78947368421052,101.0,34.0,56.99999999999999,57.56069026031003
2021-04-29,99.76,79.27,75.49,50.0,56.0,98.0,119.0,49.0,55.0,115.0,110.25641025641025,99.0,34.0,57.99999999999999,84.77701676635571
2021-04-30,112.42,90.7,87.56,53.0,57.0,102.0,119.0,53.0,58.0,114.0,118.42105263157895,107.0,37.0,60.0,102.29642102246264
2021-05-01,107.69,100.07,102.57,60.0,56.0,96.0,106.0,57.0,79.0,106.0,114.28571428571428,100.0,45.0,59.0,174.8492898743231
2021-05-02,88.55,83.57,78.84,60.0,58.0,89.0,124.0,56.0,80.0,104.0,95.65217391304348,92.0,42.0,55.00000000000001,133.5968554014663
2021-05-03,89.96,82.0,66.06,51.0,60.0,84.0,126.0,35.0,23.0,123.0,54.545454545454554,103.0,45.0,60.0,93.93365783306292
2021-05-04,96.37,79.26,68.85,48.0,53.0,95.0,102.0,49.0,54.0,116.0,110.8108108108108,103.0,36.0,57.99999999999999,64.32094801669537
2021-05-05,99.18,79.79,72.09,48.0,53.0,93.0,107.0,49.0,56.0,116.0,118.42105263157895,99.0,36.0,60.0,112.7309857050356
2021-05-06,99.17,80.37,80.91,50.0,57.0,100.0,126.0,50.0,55.0,115.0,102.56410256410255,99.0,36.0,59.0,95.93701123275984
2021-05-07,106.77,88.37,84.86,53.0,56.0,98.0,126.0,52.0,59.0,114.0,113.1578947368421,99.0,38.0,60.0,91.7074037863301
2021-05-08,99.25,92.42,86.08,54.0,49.0,90.0,70.0,50.0,79.0,109.0,92.85714285714286,93.0,39.0,54.0,87.99936525568295
2021-05-09,94.94,87.09,77.85,59.0,60.0,91.0,150.0,57.0,83.0,105.0,100.0,89.0,45.0,57.99999999999999,108.16015252621544
2021-05-10,94.54,81.68,70.72,49.0,60.0,96.0,134.0,50.0,55.0,114.0,112.12121212121212,99.0,35.0,60.0,69.80584090786856
2021-05-11,99.36,83.78,76.49,51.0,59.0,96.0,131.0,51.0,56.0,114.0,110.8108108108108,104.0,37.0,60.0,77.06904027136626
2021-05-12,98.44,83.64,77.98,51.0,60.0,99.0,132.0,51.0,56.0,114.0,105.26315789473684,96.0,36.0,60.0,81.34536802358662
2021-05-13,100.26,81.06,73.46,51.0,54.0,94.0,104.0,49.0,53.0,115.0,102.56410256410255,104.0,36.0,56.00000000000001,64.37319316688568
2021-05-14,107.89,92.75,86.18,54.0,56.0,99.0,115.0,52.0,58.0,114.0,105.26315789473684,102.0,38.0,60.0,105.91991890522048
2021-05-15,107.73,100.39,101.76,59.0,55.0,94.0,91.0,56.0,79.0,107.0,107.14285714285714,100.0,44.0,59.0,102.4144507214566
2021-05-16,92.01,84.5,66.55,53.0,55.0,88.0,90.0,52.0,82.0,107.0,95.65217391304348,89.0,37.0,57.99999999999999,66.41915441733596
2021-05-17,99.83,89.37,76.6,56.00000000000001,64.0,92.0,110.0,52.0,56.0,114.0,118.18181818181819,103.0,39.0,61.0,58.31327998209189
2021-05-18,103.29,91.5,83.84,56.99999999999999,63.0,95.0,115.0,53.0,56.0,113.0,113.51351351351352,106.0,40.0,61.0,67.18964839913572
2021-05-19,103.39,93.08,88.89,57.99999999999999,63.0,96.0,122.0,53.0,58.0,113.0,113.1578947368421,108.0,41.0,62.0,73.23270251326724
2021-05-20,108.03,95.55,89.23,59.0,62.0,97.0,104.0,51.0,58.0,114.0,107.6923076923077,108.0,42.0,62.0,65.90947949488289
2021-05-21,139.02,110.96,102.68,63.0,59.0,96.0,85.0,55.0,60.0,113.0,139.4736842105263,113.0,45.0,63.0,57.61876388061319
2021-05-22,121.76,120.35,135.84,69.0,63.0,95.0,98.0,63.0,84.0,104.0,117.85714285714285,109.0,57.99999999999999,64.0,90.6872936284701
2021-05-23,101.31,100.95,84.71,66.0,63.0,87.0,98.0,59.0,85.0,104.0,100.0,105.0,43.0,60.0,82.74623932270013
2021-05-24,101.41,93.99,78.4,55.00000000000001,63.0,95.0,107.0,51.0,57.0,114.0,118.18181818181819,104.0,40.0,61.0,75.5023239184841
2021-05-25,104.1,97.67,87.67,56.99999999999999,63.0,97.0,112.0,52.0,57.0,113.0,102.7027027027027,106.0,41.0,61.0,84.90793931359552
2021-05-26,107.84,100.52,94.09,59.0,64.0,98.0,124.0,53.0,59.0,113.0,105.26315789473684,106.0,42.0,63.0,104.05479629091144
2021-05-27,114.48,105.49,102.89,63.0,70.0,101.0,147.0,54.0,60.0,112.0,112.82051282051282,110.0,44.0,64.0,95.94068534548994
2021-05-28,146.78,126.33,122.15,67.0,68.0,103.0,121.0,58.0,61.0,110.0,139.4736842105263,111.0,47.0,65.0,84.40210215652264
2021-05-29,141.2,144.61,162.5,75.0,67.0,97.0,130.0,68.0,85.0,101.0,135.71428571428572,112.0,57.99999999999999,70.0,122.31741538155904
2021-05-30,117.15,123.53,128.99,78.0,75.0,94.0,167.0,69.0,86.0,99.0,117.39130434782608,110.0,56.99999999999999,69.0,141.16784827544947
2021-05-31,118.58,126.95,119.79,71.0,79.0,93.0,240.0,45.0,24.0,114.0,69.6969696969697,123.0,56.00000000000001,74.0,142.06838716658552
2021-06-01,126.36,121.8,118.75,61.0,72.0,103.0,173.0,52.0,47.0,112.0,110.8108108108108,116.0,44.0,62.0,143.48239771646053
2021-06-02,125.26,122.55,118.88,62.0,70.0,100.0,161.0,52.0,49.0,113.0,107.89473684210526,110.0,43.0,61.0,121.2729784294974
2021-06-03,129.34,120.2,122.45,64.0,72.0,102.0,164.0,52.0,49.0,113.0,110.25641025641025,110.0,44.0,61.0,123.2938746325574
2021-06-04,149.11,124.67,113.33,64.0,61.0,92.0,80.0,52.0,51.0,114.0,136.8421052631579,110.0,43.0,57.99999999999999,90.4496186270574
2021-06-05,132.43,138.7,155.6,74.0,67.0,99.0,141.0,66.0,89.0,101.0,132.14285714285714,110.0,51.0,68.0,213.32472857034395
2021-06-06,110.19,111.32,97.28,69.0,69.0,93.0,138.0,62.0,91.0,102.0,117.39130434782608,112.0,47.0,65.0,142.18631047131288
2021-06-07,110.65,108.69,96.8,59.0,72.0,104.0,165.0,54.0,58.0,112.0,115.15151515151516,104.0,40.0,65.0,295.9993949935718
2021-06-08,114.84,111.81,104.24,62.0,70.0,103.0,160.0,54.0,59.0,112.0,108.1081081081081,108.0,42.0,61.0,129.9928989881058
2021-06-09,117.05,115.0,108.97,63.0,70.0,104.0,163.0,55.0,60.0,112.0,110.52631578947368,106.0,43.0,63.0,183.49703741997052
2021-06-10,116.9,115.71,108.8,64.0,70.0,104.0,145.0,55.0,61.0,112.0,105.12820512820512,108.0,43.0,64.0,167.3223253690458
2021-06-11,132.13,131.62,123.29,70.0,68.0,104.0,134.0,58.0,63.0,111.0,113.1578947368421,110.0,43.0,63.0,131.20390910726064
2021-06-12,127.88,139.64,150.08,76.0,66.0,100.0,139.0,66.0,90.0,101.0,114.28571428571428,111.0,55.00000000000001,67.0,200.6631108548364
2021-06-13,112.13,119.49,103.51,76.0,67.0,95.0,159.0,66.0,91.0,100.0,100.0,114.0,55.00000000000001,68.0,187.37769461661404
2021-06-14,110.47,110.85,96.49,62.0,70.0,104.0,160.0,54.0,59.0,112.0,109.0909090909091,108.0,40.0,62.0,105.89600500678004
2021-06-15,114.35,114.23,103.74,63.0,69.0,103.0,146.0,54.0,60.0,112.0,105.4054054054054,105.0,41.0,63.0,148.13893244256596
2021-06-16,114.9,116.1,106.07,64.0,68.0,101.0,148.0,54.0,60.0,112.0,105.26315789473684,111.0,43.0,63.0,133.00716354214296
2021-06-17,118.02,112.08,104.56,63.0,65.0,98.0,106.0,53.0,59.0,113.0,110.25641025641025,109.0,42.0,61.0,78.49609786964776
2021-06-18,138.58,123.65,115.87,68.0,60.0,94.0,77.0,55.0,61.0,113.0,139.4736842105263,111.0,44.0,60.0,49.39383624414129
2021-06-19,119.05,122.86,131.67,67.0,65.0,95.0,92.0,62.0,89.0,104.0,110.71428571428571,110.0,50.0,64.0,97.15826249621745
2021-06-20,102.28,104.3,86.62,63.0,71.0,90.0,104.0,60.0,92.0,103.0,95.65217391304348,104.0,47.0,63.0,93.8625312130372
2021-06-21,109.14,106.56,86.16,59.0,65.0,93.0,94.0,51.0,58.0,114.0,112.12121212121212,105.0,41.0,61.0,52.77406504704248
2021-06-22,110.71,111.56,101.99,63.0,69.0,98.0,117.0,53.0,59.0,113.0,100.0,108.0,43.0,64.0,92.6510441575004
2021-06-23,115.61,114.19,109.11,63.0,70.0,99.0,146.0,54.0,60.0,112.0,102.63157894736842,109.0,44.0,64.0,106.89567235355622
2021-06-24,117.48,115.84,110.57,64.0,70.0,100.0,135.0,54.0,60.0,112.0,100.0,109.0,44.0,63.0,97.6554165454369
2021-06-25,137.24,129.61,127.36,67.0,69.0,101.0,124.0,58.0,62.0,111.0,118.42105263157895,111.0,45.0,64.0,98.50153137418684
2021-06-26,131.91,139.58,157.3,73.0,69.0,95.0,125.0,68.0,90.0,102.0,117.85714285714285,112.0,56.00000000000001,65.0,129.7769028871391
2021-06-27,110.69,115.32,99.15,67.0,68.0,89.0,107.0,62.0,91.0,103.0,104.34782608695652,104.0,48.0,61.0,88.12442217649338
2021-06-28,111.1,111.72,97.15,62.0,70.0,98.0,124.0,53.0,58.0,112.0,112.12121212121212,105.0,41.0,62.0,73.29628772092305
2021-06-29,114.6,114.06,103.92,63.0,66.0,92.0,103.0,52.0,57.0,112.0,105.4054054054054,102.0,43.0,62.0,74.22606876218555
2021-06-30,119.63,115.86,107.73,61.0,68.0,98.0,125.0,53.0,59.0,111.0,110.52631578947368,107.0,43.0,63.0,84.20652824455595
2021-07-01,119.87,119.65,114.72,64.0,71.0,101.0,145.0,55.0,60.0,112.0,105.12820512820512,104.0,44.0,63.0,93.43987685621153
2021-07-02,131.95,131.52,128.14,66.0,68.0,101.0,137.0,58.0,62.0,111.0,107.89473684210526,106.0,44.0,64.0,100.01906214258484
2021-07-03,126.24,141.56,146.24,73.0,65.0,94.0,99.0,65.0,90.0,103.0,107.14285714285714,106.0,47.0,66.0,117.6628409599046
2021-07-04,110.45,120.01,99.91,68.0,70.0,90.0,112.0,63.0,91.0,103.0,100.0,101.0,47.0,63.0,109.62385631989156
2021-07-05,113.23,117.29,101.63,61.0,72.0,99.0,136.0,54.0,59.0,112.0,106.06060606060606,101.0,42.0,63.0,77.3728576158097
2021-07-06,115.21,119.52,102.88,64.0,67.0,94.0,98.0,54.0,58.0,114.0,108.1081081081081,103.0,45.0,61.0,58.28558836491846
2021-07-07,117.57,124.19,117.7,68.0,71.0,100.0,125.0,56.0,59.0,112.0,94.73684210526316,105.0,46.0,65.0,90.22296411112436
2021-07-08,115.23,118.57,112.12,63.0,69.0,99.0,132.0,54.0,59.0,113.0,87.17948717948718,,43.0,63.0,90.934721318586
2021-07-09,131.21,132.41,128.76,65.0,68.0,101.0,130.0,57.0,61.0,111.0,105.26315789473684,102.0,45.0,65.0,95.14686476711792
2021-07-10,128.45,139.41,148.28,69.0,67.0,95.0,101.0,65.0,89.0,103.0,107.14285714285714,102.0,54.0,66.0,111.3118881118881
2021-07-11,118.69,145.46,139.23,86.0,75.0,96.0,131.0,73.0,94.0,100.0,100.0,94.0,67.0,73.0,149.7274114996002
2021-07-12,107.16,116.38,96.2,63.0,66.0,92.0,114.0,53.0,55.0,114.0,87.87878787878788,108.0,39.0,62.0,66.19307272866908
2021-07-13,112.36,122.38,108.77,65.0,69.0,100.0,136.0,54.0,57.0,113.0,86.48648648648648,101.0,41.0,65.0,88.60230045311955
2021-07-14,115.78,123.72,114.49,64.0,70.0,99.0,143.0,55.0,58.0,113.0,92.10526315789474,101.0,43.0,65.0,98.7327465974126
2021-07-15,117.96,122.99,115.1,63.0,70.0,100.0,132.0,54.0,58.0,113.0,89.74358974358975,104.0,44.0,65.0,113.80856839372122
2021-07-16,134.24,137.61,131.43,66.0,70.0,103.0,148.0,58.0,60.0,110.0,102.63157894736842,102.0,46.0,68.0,167.89363632777054
2021-07-17,135.21,150.0,154.21,72.0,66.0,96.0,134.0,67.0,89.0,101.0,107.14285714285714,105.0,54.0,72.0,166.1864926843448
2021-07-18,122.75,127.13,107.34,71.0,67.0,93.0,150.0,67.0,91.0,100.0,104.34782608695652,110.0,52.0,68.0,140.1955409356725
2021-07-19,112.97,119.36,106.09,62.0,74.0,104.0,153.0,54.0,54.0,112.0,90.9090909090909,108.0,42.0,66.0,93.34487021013597
2021-07-20,115.59,121.11,108.4,63.0,69.0,99.0,145.0,54.0,52.0,112.0,86.48648648648648,105.0,42.0,65.0,89.11500778317004
2021-07-21,118.86,127.74,117.9,65.0,71.0,101.0,148.0,54.0,55.0,112.0,81.57894736842105,,44.0,68.0,105.26164943036612
2021-07-22,124.27,129.77,122.97,66.0,72.0,102.0,153.0,55.0,54.0,112.0,84.61538461538461,,49.0,71.0,118.42856775322235
2021-07-23,136.53,139.08,135.04,65.0,70.0,99.0,135.0,57.0,55.0,111.0,100.0,,47.0,70.0,138.82635882635884
2021-07-24,123.87,139.87,147.0,67.0,65.0,89.0,96.0,65.0,88.0,103.0,92.85714285714286,,55.00000000000001,70.0,184.904226208574
2021-07-25,120.21,123.22,98.15,69.0,65.0,81.0,86.0,64.0,90.0,102.0,126.08695652173913,,50.0,64.0,64.77535656317988
2021-07-26,119.95,123.08,113.53,62.0,75.0,99.0,153.0,53.0,49.0,113.0,93.93939393939394,,42.0,63.0,86.44931600380404
2021-07-27,117.89,124.47,114.84,62.0,71.0,94.0,122.0,52.0,49.0,114.0,78.37837837837839,,44.0,66.0,133.8066185986319
2021-07-28,121.36,124.82,114.32,63.0,68.0,90.0,99.0,51.0,50.0,114.0,89.47368421052632,,46.0,62.0,69.12051945309614
2021-07-29,124.26,130.5,131.17,65.0,75.0,99.0,143.0,54.0,51.0,112.0,84.61538461538461,,49.0,66.0,105.16803736419942
2021-07-30,139.94,140.32,132.28,66.0,67.0,93.0,89.0,55.0,51.0,113.0,100.0,,47.0,64.0,72.68065760955754
2021-07-31,132.89,150.84,160.81,72.0,67.0,89.0,93.0,67.0,88.0,102.0,107.14285714285714,,49.0,68.0,89.85261208426576
