date,apple_driving,apple_transit,apple_walking,citymapper,google_retail_recreation,google_grocery_pharmacy,google_parks,google_transit,google_workplaces,google_residential,tomtom,waze
2019-12-30,,,,,,,,,,,63.6363636,
2019-12-31,,,,,,,,,,,54.0540541,
2020-01-01,,,,,,,,,,,28.947368400000002,
2020-01-02,,,,,,,,,,,48.7179487,
2020-01-03,,,,,,,,,,,57.894736800000004,
2020-01-04,,,,,,,,,,,71.42857140000001,
2020-01-05,,,,,,,,,,,73.9130435,
2020-01-06,,,,,,,,,,,90.9090909,
2020-01-07,,,,,,,,,,,91.8918919,
2020-01-08,,,,,,,,,,,92.1052632,
2020-01-09,,,,,,,,,,,97.4358974,
2020-01-10,,,,,,,,,,,86.8421053,
2020-01-11,,,,,,,,,,,92.8571429,
2020-01-12,,,,,,,,,,,86.9565217,
2020-01-13,100.0,100.0,100.0,,,,,,,,118.1818182,
2020-01-14,107.65,105.14,108.89,,,,,,,,118.9189189,
2020-01-15,111.2,107.06,116.84,,,,,,,,121.0526316,
2020-01-16,108.29,106.08,118.82,,,,,,,,105.1282051,
2020-01-17,115.08,115.13,132.18,,,,,,,,102.6315789,
2020-01-18,122.2,126.63,160.29,,,,,,,,107.1428571,
2020-01-19,101.06,104.37,105.12,,,,,,,,95.6521739,
2020-01-20,105.14,103.68,108.02,,,,,,,,121.2121212,
2020-01-21,112.18,109.45,120.52,,,,,,,,121.6216216,
2020-01-22,114.32,112.85,124.81,,,,,,,,118.4210526,
2020-01-23,111.18,111.52,127.01,,,,,,,,110.2564103,
2020-01-24,118.01,120.06,137.38,,,,,,,,107.8947368,
2020-01-25,124.14,130.78,162.41,,,,,,,,107.1428571,
2020-01-26,99.42,105.11,97.16,,,,,,,,104.3478261,
2020-01-27,103.01,103.7,100.01,,,,,,,,127.2727273,
2020-01-28,105.92,105.84,113.27,,,,,,,,110.8108108,
2020-01-29,108.66,110.18,122.75,,,,,,,,107.8947368,
2020-01-30,109.46,111.72,124.96,,,,,,,,105.1282051,
2020-01-31,118.35,124.67,144.13,,,,,,,,102.6315789,
2020-02-01,121.48,129.92,161.17,,,,,,,,107.1428571,
2020-02-02,103.99,111.18,103.93,,,,,,,,95.6521739,
2020-02-03,101.6,104.18,105.67,,,,,,,,112.12121210000001,
2020-02-04,105.72,107.19,115.03,,,,,,,,102.7027027,
2020-02-05,110.51,111.08,125.42,,,,,,,,105.2631579,
2020-02-06,110.47,111.71,128.43,,,,,,,,102.5641026,
2020-02-07,115.7,120.48,140.65,,,,,,,,100.0,
2020-02-08,123.02,134.34,167.8,,,,,,,,96.4285714,
2020-02-09,96.79,103.13,76.79,,,,,,,,78.2608696,
2020-02-10,107.55,106.62,100.51,,,,,,,,124.2424242,
2020-02-11,109.8,109.07,115.26,,,,,,,,113.5135135,
2020-02-12,110.74,111.2,125.35,,,,,,,,107.8947368,
2020-02-13,115.47,110.18,124.69,,,,,,,,115.3846154,
2020-02-14,124.92,123.91,150.77,,,,,,,,110.52631579999999,
2020-02-15,120.86,131.79,149.35,,89.0,92.0,66.0,90.0,97.0,102.0,103.5714286,
2020-02-16,105.1,116.64,96.03,,91.0,89.0,59.0,91.0,96.0,101.0,100.0,
2020-02-17,121.24,123.55,131.2,,111.0,104.0,128.0,97.0,87.0,102.0,115.1515152,
2020-02-18,120.38,122.11,131.72,,104.0,98.0,111.0,96.0,87.0,102.0,105.4054054,
2020-02-19,122.6,125.12,137.59,,103.0,97.0,103.0,95.0,87.0,103.0,105.2631579,
2020-02-20,123.31,124.27,136.05,,102.0,96.0,96.0,94.0,87.0,103.0,100.0,
2020-02-21,129.1,133.95,153.95,,103.0,99.0,110.0,95.0,86.0,103.0,94.7368421,
2020-02-22,128.6,141.61,170.22,,96.0,97.0,93.0,98.0,99.0,100.0,100.0,
2020-02-23,105.81,111.26,104.41,,99.0,97.0,91.0,101.0,99.0,100.0,104.3478261,
2020-02-24,106.45,107.64,104.32,,97.0,100.0,99.0,97.0,99.0,101.0,115.1515152,
2020-02-25,108.69,109.44,119.88,,99.0,102.0,105.0,100.0,101.0,100.0,113.5135135,
2020-02-26,110.88,110.17,125.12,,98.0,100.0,111.0,98.0,101.0,100.0,113.1578947,
2020-02-27,111.38,111.27,123.88,,100.0,99.0,104.0,99.0,100.0,101.0,112.8205128,
2020-02-28,123.68,122.41,133.76,,98.0,99.0,91.0,98.0,100.0,101.0,113.1578947,
2020-02-29,127.92,129.48,153.92,,98.0,100.0,79.0,95.0,100.0,101.0,114.2857143,
2020-03-01,106.82,109.14,109.26,,109.0,104.0,124.0,105.0,101.0,99.0,108.6956522,105.0
2020-03-02,103.19,102.74,103.64,100.0,102.0,106.0,115.0,97.0,101.0,100.0,115.1515152,99.0
2020-03-03,107.89,105.44,114.68,102.0,99.0,102.0,103.0,96.0,101.0,100.0,110.8108108,100.0
2020-03-04,111.68,106.93,114.25,100.0,97.0,101.0,93.0,96.0,100.0,101.0,121.0526316,102.0
2020-03-05,112.97,106.97,106.5,101.0,91.0,95.0,79.0,94.0,99.0,102.0,123.0769231,104.0
2020-03-06,122.13,118.77,142.09,99.0,101.0,108.0,114.0,97.0,100.0,101.0,110.52631579999999,99.0
2020-03-07,125.74,127.78,167.1,97.0,98.0,103.0,94.0,96.0,101.0,100.0,103.5714286,101.0
2020-03-08,99.51,100.86,96.86,94.0,99.0,103.0,98.0,96.0,100.0,100.0,100.0,99.0
2020-03-09,99.57,98.05,97.5,97.0,97.0,106.0,103.0,94.0,99.0,101.0,118.1818182,99.0
2020-03-10,101.66,99.47,105.54,97.0,94.0,107.0,97.0,93.0,98.0,102.0,105.4054054,99.0
2020-03-11,100.34,94.33,106.91,91.0,94.0,108.0,109.0,90.0,97.0,102.0,102.6315789,97.0
2020-03-12,94.95,86.28,98.87,84.0,92.0,114.0,97.0,87.0,95.0,103.0,100.0,97.0
2020-03-13,97.41,89.95,104.19,75.0,87.0,115.0,96.0,82.0,91.0,105.0,89.47368420000001,93.0
2020-03-14,96.71,94.84,117.44,75.0,80.0,109.0,83.0,78.0,96.0,104.0,82.1428571,89.0
2020-03-15,73.16,67.46,64.28,67.0,76.0,106.0,79.0,76.0,93.0,104.0,69.5652174,83.0
2020-03-16,75.92,57.95,64.53,60.0,86.0,123.0,126.0,75.0,82.0,107.0,100.0,84.0
2020-03-17,67.18,46.33,48.95,44.0,72.0,119.0,92.0,63.0,71.0,112.0,81.0810811,86.0
2020-03-18,64.19,40.32,43.31,36.0,67.0,128.0,93.0,57.0,64.0,116.0,73.6842105,80.0
2020-03-19,65.75,38.7,38.76,39.0,64.0,130.0,72.0,53.0,59.0,118.0,79.4871795,79.0
2020-03-20,61.08,34.64,37.49,31.0,54.0,108.0,78.0,49.0,56.0,120.0,60.5263158,68.0
2020-03-21,50.11,28.01,37.36,23.0,38.0,92.0,77.0,42.0,66.0,115.0,46.428571399999996,48.0
2020-03-22,41.9,25.9,30.76,23.0,33.0,80.0,94.0,39.0,60.0,113.0,34.7826087,40.0
2020-03-23,47.76,24.44,31.25,25.0,41.0,87.0,95.0,37.0,40.0,125.0,48.4848485,58.0
2020-03-24,35.82,17.15,24.63,15.0,24.0,75.0,81.0,28.0,30.0,131.0,29.729729699999993,46.0
2020-03-25,34.12,15.43,24.09,12.0,21.0,72.0,83.0,24.0,27.0,133.0,31.578947400000004,38.0
2020-03-26,31.86,14.49,22.89,10.0,20.0,68.0,80.0,23.0,25.0,134.0,25.641025600000006,35.0
2020-03-27,32.41,14.05,23.4,9.0,19.0,68.0,70.0,23.0,25.0,135.0,26.315789499999994,34.0
2020-03-28,26.99,13.6,23.4,8.0,15.0,59.0,43.0,22.0,37.0,123.0,25.0,24.0
2020-03-29,23.29,13.3,17.83,8.0,13.0,52.0,41.0,20.0,38.0,119.0,21.739130399999993,19.0
2020-03-30,29.43,14.16,19.72,10.0,21.0,64.0,59.0,21.0,23.0,133.0,24.242424200000002,34.0
2020-03-31,30.57,13.92,22.29,10.0,21.0,65.0,70.0,21.0,22.0,134.0,24.3243243,35.0
2020-04-01,30.5,13.66,22.19,9.0,19.0,64.0,68.0,20.0,22.0,135.0,23.684210500000006,34.0
2020-04-02,30.63,13.65,22.76,9.0,19.0,64.0,72.0,20.0,22.0,136.0,23.076923100000002,33.0
2020-04-03,32.55,13.36,24.34,8.0,19.0,66.0,73.0,21.0,23.0,136.0,23.684210500000006,33.0
2020-04-04,28.46,12.51,28.49,7.000000000000001,16.0,62.0,70.0,23.0,37.0,123.0,25.0,24.0
2020-04-05,25.7,12.83,26.06,9.0,16.0,59.0,85.0,24.0,39.0,118.0,21.739130399999993,20.0
2020-04-06,31.02,13.65,21.63,9.0,22.0,65.0,76.0,21.0,23.0,133.0,27.2727273,35.0
2020-04-07,32.09,13.36,24.64,9.0,21.0,67.0,91.0,22.0,22.0,134.0,27.027027000000004,35.0
2020-04-08,32.6,13.18,23.87,8.0,20.0,67.0,81.0,21.0,22.0,134.0,26.315789499999994,35.0
2020-04-09,33.37,13.25,26.13,8.0,22.0,74.0,90.0,22.0,22.0,134.0,25.641025600000006,36.0
2020-04-10,29.84,12.7,28.59,8.0,17.0,65.0,87.0,18.0,15.0,138.0,15.789473700000002,26.0
2020-04-11,28.14,12.1,28.58,7.000000000000001,16.0,64.0,66.0,23.0,36.0,123.0,25.0,23.0
2020-04-12,22.54,11.21,22.86,7.000000000000001,11.0,40.0,75.0,22.0,36.0,119.0,21.739130399999993,19.0
2020-04-13,26.93,12.72,22.8,8.0,17.0,57.0,80.0,15.0,13.0,137.0,15.151515200000006,25.0
2020-04-14,34.12,13.72,25.66,9.0,22.0,68.0,84.0,22.0,23.0,133.0,29.729729699999993,35.0
2020-04-15,35.22,13.91,27.44,9.0,21.0,68.0,94.0,22.0,23.0,134.0,28.947368400000002,34.0
2020-04-16,35.09,13.62,26.4,8.0,21.0,68.0,85.0,21.0,24.0,134.0,28.20512819999999,33.0
2020-04-17,34.98,13.17,23.27,8.0,19.0,66.0,57.0,21.0,25.0,136.0,28.947368400000002,33.0
2020-04-18,30.72,12.6,26.36,7.000000000000001,16.0,62.0,53.0,23.0,41.0,123.0,28.571428600000004,25.0
2020-04-19,29.98,13.58,30.4,9.0,17.0,58.0,94.0,25.0,44.0,117.0,26.0869565,22.0
2020-04-20,35.52,14.78,26.56,10.0,23.0,66.0,101.0,23.0,25.0,132.0,30.303030300000003,38.0
2020-04-21,36.16,14.7,26.45,9.0,22.0,67.0,97.0,23.0,25.0,133.0,29.729729699999993,38.0
2020-04-22,37.1,14.73,27.74,9.0,21.0,68.0,103.0,23.0,26.0,133.0,28.947368400000002,38.0
2020-04-23,37.52,14.85,27.79,9.0,22.0,70.0,108.0,23.0,26.0,133.0,30.769230800000003,36.0
2020-04-24,39.34,14.57,28.31,9.0,21.0,70.0,95.0,25.0,27.0,134.0,31.578947400000004,36.0
2020-04-25,34.77,14.42,32.12,8.0,18.0,65.0,75.0,26.0,43.0,121.0,32.1428571,27.0
2020-04-26,32.98,15.21,32.09,10.0,19.0,62.0,105.0,28.0,46.0,116.0,26.0869565,24.0
2020-04-27,37.17,15.41,24.59,10.0,24.0,68.0,98.0,24.0,27.0,131.0,36.3636364,39.0
2020-04-28,35.38,14.57,18.51,9.0,18.0,58.0,38.0,20.0,25.0,132.0,32.432432399999996,40.0
2020-04-29,37.2,15.04,22.16,9.0,21.0,67.0,65.0,23.0,27.0,133.0,31.578947400000004,39.0
2020-04-30,37.57,14.84,20.88,9.0,19.0,65.0,57.0,22.0,26.0,134.0,30.769230800000003,38.0
2020-05-01,40.43,15.62,25.0,9.0,20.0,70.0,68.0,25.0,28.0,134.0,34.2105263,39.0
2020-05-02,37.98,15.94,34.33,9.0,19.0,69.0,83.0,29.0,46.0,120.0,35.714285700000005,30.0
2020-05-03,33.7,16.21,27.38,10.0,18.0,60.0,77.0,26.0,47.0,117.0,26.0869565,25.0
2020-05-04,40.01,17.38,27.3,11.0,25.0,71.0,111.0,26.0,28.0,130.0,39.3939394,42.00000000000001
2020-05-05,41.84,17.57,28.09,11.0,23.0,71.0,100.0,25.0,28.0,131.0,35.1351351,42.00000000000001
2020-05-06,42.93,17.49,30.04,11.0,23.0,73.0,116.0,26.0,29.0,131.0,36.84210530000001,42.00000000000001
2020-05-07,43.56,17.67,30.98,11.0,25.0,78.0,121.0,27.0,29.0,131.0,33.33333330000001,44.99999999999999
2020-05-08,40.52,17.78,37.92,11.0,21.0,73.0,132.0,24.0,19.0,135.0,21.052631599999998,34.0
2020-05-09,40.53,18.45,40.92,11.0,20.0,70.0,105.0,30.0,47.0,119.0,35.714285700000005,33.0
2020-05-10,36.76,17.92,27.7,10.0,17.0,59.0,64.0,25.0,49.0,117.0,26.0869565,28.0
2020-05-11,,,,13.0,25.0,72.0,83.0,26.0,29.0,130.0,42.4242424,44.99999999999999
2020-05-12,,,,12.0,25.0,73.0,106.0,27.0,30.0,130.0,40.5405405,46.0
2020-05-13,48.96,19.95,31.43,12.0,23.0,71.0,88.0,26.0,30.0,131.0,39.4736842,46.0
2020-05-14,50.41,19.73,32.55,12.0,25.0,74.0,108.0,26.0,30.0,130.0,38.4615385,46.0
2020-05-15,55.15,20.81,37.94,13.0,25.0,76.0,121.0,29.0,32.0,130.0,42.105263199999996,47.0
2020-05-16,53.53,20.38,42.93,13.0,22.0,72.0,98.0,32.0,51.0,118.0,42.8571429,39.0
2020-05-17,51.94,21.57,41.36,15.0,23.0,69.0,140.0,33.0,54.0,114.0,39.1304348,36.0
2020-05-18,55.22,23.72,38.38,16.0,30.0,78.0,160.0,30.0,32.0,128.0,48.4848485,51.0
2020-05-19,58.66,23.93,40.69,16.0,29.0,79.0,164.0,31.0,32.0,128.0,40.5405405,52.0
2020-05-20,61.69,25.82,42.97,16.0,28.0,81.0,175.0,31.0,32.0,128.0,36.84210530000001,56.0
2020-05-21,60.28,24.67,39.41,15.0,28.0,81.0,154.0,30.0,32.0,129.0,33.33333330000001,52.0
2020-05-22,64.74,25.06,42.71,15.0,27.0,81.0,125.0,31.0,34.0,129.0,42.105263199999996,54.0
2020-05-23,60.05,24.28,43.69,15.0,24.0,76.0,90.0,33.0,55.0,118.0,39.285714299999995,43.99999999999999
2020-05-24,57.42,24.9,44.9,18.0,26.0,72.0,147.0,37.0,57.0,112.0,34.7826087,43.00000000000001
2020-05-25,65.47,29.48,51.69,20.0,30.0,77.0,260.0,28.0,18.0,128.0,27.2727273,58.0
2020-05-26,67.38,29.31,44.11,17.0,30.0,81.0,157.0,32.0,33.0,127.0,43.2432432,64.0
2020-05-27,67.55,28.33,43.93,17.0,29.0,80.0,154.0,31.0,34.0,127.0,42.105263199999996,59.0
2020-05-28,71.08,29.02,45.73,17.0,30.0,82.0,166.0,32.0,34.0,128.0,46.153846200000004,58.0
2020-05-29,73.99,30.22,49.3,18.0,29.0,84.0,161.0,34.0,36.0,127.0,47.3684211,60.0
2020-05-30,72.93,31.42,58.3,19.0,26.0,80.0,148.0,39.0,65.0,114.0,46.428571399999996,55.0
2020-05-31,66.66,31.19,48.5,21.0,27.0,75.0,168.0,39.0,67.0,111.0,39.1304348,51.0
2020-06-01,69.5,32.18,45.67,20.0,35.0,84.0,175.0,35.0,37.0,125.0,51.5151515,64.0
2020-06-02,71.41,32.59,47.53,20.0,32.0,82.0,170.0,34.0,37.0,125.0,48.6486486,66.0
2020-06-03,66.58,31.34,40.6,18.0,29.0,77.0,101.0,32.0,37.0,127.0,47.3684211,61.0
2020-06-04,66.54,29.03,39.53,17.0,30.0,79.0,107.0,32.0,37.0,128.0,46.153846200000004,59.0
2020-06-05,70.69,30.35,41.52,17.0,29.0,80.0,97.0,33.0,38.0,128.0,50.0,62.0
2020-06-06,66.69,31.14,43.07,18.0,25.0,73.0,64.0,35.0,62.0,117.0,46.428571399999996,54.0
2020-06-07,62.9,30.97,41.9,20.0,28.0,73.0,111.0,38.0,65.0,112.0,43.478260899999995,51.0
2020-06-08,67.38,31.01,41.4,19.0,35.0,81.0,133.0,34.0,39.0,125.0,51.5151515,63.0
2020-06-09,70.64,31.85,45.35,19.0,33.0,80.0,148.0,34.0,39.0,125.0,54.0540541,66.0
2020-06-10,66.57,30.17,36.09,17.0,29.0,75.0,79.0,31.0,38.0,128.0,50.0,64.0
2020-06-11,68.02,30.24,39.62,17.0,32.0,79.0,107.0,32.0,38.0,127.0,,62.0
2020-06-12,74.47,33.37,43.84,18.0,31.0,81.0,101.0,34.0,40.0,127.0,57.894736800000004,61.0
2020-06-13,82.27,36.8,63.42,24.0,31.0,82.0,154.0,42.0,72.0,112.0,64.2857143,63.0
2020-06-14,71.42,35.0,49.37,24.0,32.0,77.0,171.0,42.0,73.0,110.0,52.173913,57.0
2020-06-15,74.5,36.31,48.64,23.0,45.0,84.0,158.0,38.0,41.0,123.0,66.66666670000001,70.0
2020-06-16,74.99,35.46,47.76,21.0,41.0,84.0,153.0,37.0,40.0,124.0,59.4594595,69.0
2020-06-17,73.62,34.33,42.37,20.0,37.0,80.0,117.0,35.0,40.0,125.0,57.894736800000004,66.0
2020-06-18,74.41,35.35,42.36,20.0,37.0,81.0,110.0,34.0,39.0,126.0,56.410256399999994,65.0
2020-06-19,82.88,38.17,50.43,22.0,38.0,86.0,119.0,38.0,42.0,124.0,63.1578947,70.0
2020-06-20,86.88,41.19,63.68,27.0,37.0,85.0,143.0,46.0,75.0,111.0,71.42857140000001,70.0
2020-06-21,71.02,35.95,42.86,24.0,37.0,78.0,139.0,43.0,77.0,109.0,56.521739100000005,62.0
2020-06-22,83.57,42.1,53.72,26.0,46.0,87.0,197.0,40.0,40.0,122.0,69.6969697,72.0
2020-06-23,87.03,44.45,56.26,26.0,42.0,87.0,190.0,40.0,40.0,122.0,64.8648649,78.0
2020-06-24,90.55,46.58,57.67,26.0,40.0,88.0,189.0,39.0,42.0,122.0,63.1578947,80.0
2020-06-25,92.01,48.25,57.66,27.0,40.0,89.0,188.0,39.0,41.0,122.0,61.538461500000004,84.0
2020-06-26,96.68,47.16,59.9,27.0,39.0,89.0,157.0,41.0,43.0,122.0,76.3157895,81.0
2020-06-27,85.93,44.12,54.54,25.0,35.0,82.0,92.0,43.0,71.0,112.0,67.8571429,70.0
2020-06-28,79.55,41.37,47.73,28.000000000000004,38.0,77.0,126.0,45.0,78.0,109.0,60.8695652,65.0
2020-06-29,81.79,43.61,49.55,26.0,45.0,85.0,134.0,39.0,42.0,122.0,69.6969697,75.0
2020-06-30,83.32,42.79,48.58,25.0,42.0,82.0,112.0,37.0,42.0,123.0,64.8648649,77.0
2020-07-01,84.76,43.47,51.01,25.0,42.0,83.0,124.0,38.0,43.0,123.0,68.4210526,76.0
2020-07-02,85.05,43.29,49.51,25.0,42.0,83.0,116.0,38.0,42.0,123.0,66.66666670000001,76.0
2020-07-03,94.29,47.43,57.57,28.000000000000004,42.0,87.0,135.0,42.0,44.0,122.0,78.9473684,78.0
2020-07-04,91.56,50.91,67.33,32.0,43.0,81.0,100.0,48.0,77.0,110.0,71.42857140000001,74.0
2020-07-05,84.44,48.68,56.97,34.0,48.0,80.0,159.0,50.0,80.0,107.0,60.8695652,75.0
2020-07-06,90.15,51.02,57.67,31.0,52.0,85.0,153.0,42.0,43.0,120.0,75.7575758,81.0
2020-07-07,92.97,50.86,58.11,28.999999999999996,48.0,82.0,132.0,41.0,42.0,121.0,75.6756757,86.0
2020-07-08,88.92,49.03,54.53,28.999999999999996,45.0,80.0,95.0,39.0,43.0,122.0,65.7894737,83.0
2020-07-09,90.6,50.37,55.72,28.999999999999996,46.0,82.0,105.0,40.0,43.0,122.0,66.66666670000001,81.0
2020-07-10,106.02,56.37,69.06,33.0,48.0,86.0,136.0,44.0,45.0,119.0,73.6842105,77.0
2020-07-11,102.08,58.84,79.34,37.0,46.0,82.0,136.0,52.0,80.0,107.0,78.5714286,80.0
2020-07-12,90.09,53.15,60.94,36.0,49.0,80.0,172.0,53.0,83.0,105.0,65.2173913,81.0
2020-07-13,92.08,54.79,61.49,33.0,53.0,85.0,165.0,43.0,44.0,119.0,72.7272727,84.0
2020-07-14,94.59,55.14,62.74,32.0,51.0,83.0,140.0,42.0,43.0,120.0,70.27027029999999,76.0
2020-07-15,96.05,56.33,63.72,32.0,52.0,81.0,128.0,40.0,45.0,120.0,71.0526316,83.0
2020-07-16,98.94,57.31,66.0,33.0,54.0,84.0,148.0,41.0,45.0,120.0,69.2307692,82.0
2020-07-17,112.63,66.2,77.95,37.0,54.0,86.0,171.0,46.0,47.0,117.0,81.5789474,89.0
2020-07-18,105.9,66.06,86.51,40.0,50.0,81.0,145.0,52.0,81.0,106.0,78.5714286,84.0
2020-07-19,88.1,54.74,54.74,36.0,51.0,75.0,113.0,49.0,82.0,106.0,56.521739100000005,77.0
2020-07-20,99.51,60.56,67.24,35.0,60.0,86.0,189.0,43.0,43.0,118.0,75.7575758,81.0
2020-07-21,100.38,60.34,69.06,34.0,56.0,83.0,167.0,42.0,42.0,118.0,70.27027029999999,83.0
2020-07-22,104.8,61.47,70.85,35.0,55.0,82.0,166.0,42.0,44.0,119.0,76.3157895,86.0
2020-07-23,104.36,61.78,70.37,35.0,55.0,83.0,156.0,42.0,44.0,119.0,71.7948718,84.0
2020-07-24,112.84,66.13,77.37,37.0,53.0,82.0,145.0,45.0,45.0,118.0,78.9473684,86.0
2020-07-25,101.52,64.0,71.84,38.0,48.0,75.0,73.0,48.0,79.0,108.0,78.5714286,82.0
2020-07-26,92.54,59.57,59.66,40.0,54.0,76.0,125.0,52.0,85.0,105.0,69.5652174,78.0
2020-07-27,97.11,61.11,60.84,35.0,56.0,81.0,111.0,41.0,41.0,119.0,72.7272727,84.0
2020-07-28,103.56,63.55,69.64,36.0,57.0,83.0,149.0,43.0,42.0,118.0,72.972973,86.0
2020-07-29,107.36,65.72,73.89,37.0,58.0,84.0,165.0,44.0,43.0,118.0,76.3157895,87.0
2020-07-30,111.12,67.3,75.37,39.0,59.0,87.0,175.0,44.0,42.0,117.0,74.3589744,84.0
2020-07-31,118.62,71.84,78.69,41.0,54.0,82.0,155.0,46.0,43.0,115.0,78.9473684,91.0
2020-08-01,110.42,70.88,88.94,43.0,51.0,79.0,126.0,54.0,81.0,104.0,82.1428571,90.0
2020-08-02,97.15,63.94,66.38,43.0,56.0,77.0,149.0,55.0,85.0,103.0,69.5652174,86.0
2020-08-03,104.34,67.07,72.24,39.0,65.0,83.0,161.0,44.0,42.0,116.0,72.7272727,88.0
2020-08-04,106.54,67.67,76.15,39.0,64.0,81.0,154.0,44.0,42.0,117.0,70.27027029999999,87.0
2020-08-05,108.54,70.56,79.27,40.0,64.0,80.0,155.0,44.0,43.0,117.0,71.0526316,88.0
2020-08-06,110.94,70.5,76.13,39.0,58.0,83.0,157.0,43.0,42.0,117.0,69.2307692,87.0
2020-08-07,117.96,74.41,79.32,41.0,54.0,82.0,144.0,45.0,44.0,116.0,73.6842105,91.0
2020-08-08,107.31,74.12,88.36,43.0,51.0,78.0,123.0,52.0,80.0,104.0,67.8571429,89.0
2020-08-09,97.12,65.9,64.89,44.0,55.0,77.0,145.0,54.0,85.0,102.0,60.8695652,87.0
2020-08-10,107.9,71.63,74.2,42.0,68.0,84.0,159.0,45.0,42.0,115.0,78.7878788,93.0
2020-08-11,106.88,69.3,75.66,42.0,65.0,81.0,146.0,44.0,42.0,116.0,70.27027029999999,92.0
2020-08-12,106.4,68.04,74.17,41.0,64.0,81.0,137.0,43.0,43.0,117.0,68.4210526,93.0
2020-08-13,109.26,68.66,69.12,39.0,57.0,80.0,123.0,42.0,42.0,118.0,76.9230769,89.0
2020-08-14,119.45,71.88,75.56,40.0,55.0,79.0,100.0,45.0,44.0,117.0,94.7368421,90.0
2020-08-15,106.29,71.68,83.58,43.0,52.0,75.0,81.0,51.0,79.0,106.0,78.5714286,85.0
2020-08-16,93.13,64.36,62.22,43.0,56.0,74.0,112.0,53.0,84.0,104.0,60.8695652,82.0
2020-08-17,106.34,72.27,74.56,43.0,70.0,78.0,127.0,45.0,42.0,116.0,81.8181818,89.0
2020-08-18,111.24,73.98,80.83,44.0,69.0,79.0,135.0,45.0,44.0,116.0,78.3783784,88.0
2020-08-19,109.98,72.56,72.64,43.0,62.0,71.0,78.0,42.0,43.0,118.0,84.2105263,94.0
2020-08-20,114.33,75.51,83.6,43.0,62.0,84.0,161.0,45.0,44.0,116.0,76.9230769,90.0
2020-08-21,117.92,77.49,83.14,43.0,57.0,80.0,113.0,46.0,45.0,116.0,81.5789474,69.0
2020-08-22,114.4,81.13,98.05,47.0,55.0,78.0,112.0,55.0,83.0,104.0,85.7142857,85.0
2020-08-23,98.36,70.64,69.27,47.0,59.0,75.0,127.0,55.0,86.0,103.0,69.5652174,85.0
2020-08-24,109.32,76.94,80.94,46.0,74.0,79.0,133.0,46.0,44.0,115.0,81.8181818,92.0
2020-08-25,110.07,78.02,81.25,46.0,69.0,77.0,97.0,45.0,43.0,117.0,78.3783784,95.0
2020-08-26,117.51,82.89,94.79,49.0,75.0,81.0,139.0,48.0,46.0,115.0,81.5789474,92.0
2020-08-27,116.16,74.0,76.09,43.0,60.0,77.0,98.0,44.0,44.0,117.0,89.7435897,95.0
2020-08-28,128.79,80.93,88.6,45.0,61.0,83.0,99.0,48.0,45.0,115.0,100.0,86.0
2020-08-29,116.75,83.81,100.51,47.0,57.0,77.0,82.0,55.0,81.0,105.0,89.2857143,80.0
2020-08-30,101.34,76.04,85.02,52.0,65.0,77.0,122.0,59.0,85.0,102.0,73.9130435,90.0
2020-08-31,108.23,83.39,86.98,53.0,82.0,76.0,168.0,41.0,26.0,117.0,51.5151515,109.0
2020-09-01,113.89,81.02,85.42,47.0,66.0,85.0,141.0,48.0,44.0,115.0,89.1891892,102.0
2020-09-02,114.44,82.55,83.79,47.0,63.0,82.0,119.0,47.0,46.0,116.0,89.47368420000001,95.0
2020-09-03,113.87,82.17,82.67,48.0,62.0,82.0,110.0,47.0,46.0,116.0,87.1794872,95.0
2020-09-04,127.19,86.65,93.85,50.0,62.0,84.0,117.0,52.0,49.0,114.0,102.6315789,96.0
2020-09-05,120.73,88.04,110.03,54.0,62.0,82.0,113.0,58.0,83.0,104.0,92.8571429,95.0
2020-09-06,106.47,79.68,80.08,53.0,66.0,82.0,139.0,58.0,85.0,103.0,78.2608696,88.0
2020-09-07,108.85,82.09,80.31,50.0,68.0,86.0,134.0,51.0,46.0,114.0,100.0,95.0
2020-09-08,112.41,82.83,85.2,50.0,65.0,85.0,136.0,51.0,46.0,114.0,97.2972973,96.0
2020-09-09,114.04,81.07,86.38,50.0,63.0,84.0,131.0,50.0,49.0,114.0,102.6315789,97.0
2020-09-10,115.22,81.32,87.74,50.0,65.0,86.0,142.0,52.0,49.0,114.0,105.1282051,99.0
2020-09-11,122.27,86.93,95.21,52.0,64.0,86.0,127.0,55.0,51.0,112.0,105.2631579,99.0
2020-09-12,124.17,92.73,116.0,56.99999999999999,62.0,83.0,119.0,60.0,84.0,104.0,92.8571429,96.0
2020-09-13,110.17,82.51,86.81,57.99999999999999,66.0,83.0,162.0,62.0,87.0,102.0,86.9565217,98.0
2020-09-14,112.2,83.06,85.79,52.0,68.0,87.0,168.0,53.0,53.0,112.0,106.0606061,100.0
2020-09-15,115.11,83.16,88.28,52.0,65.0,86.0,149.0,53.0,52.0,113.0,102.7027027,100.0
2020-09-16,114.63,83.36,89.11,52.0,63.0,84.0,140.0,52.0,53.0,114.0,97.3684211,99.0
2020-09-17,116.48,84.44,90.62,52.0,64.0,85.0,141.0,52.0,53.0,113.0,102.5641026,98.0
2020-09-18,124.56,88.49,100.11,53.0,63.0,86.0,129.0,55.0,55.0,112.0,107.8947368,99.0
2020-09-19,123.57,93.2,121.23,57.99999999999999,62.0,82.0,121.0,59.0,84.0,105.0,96.4285714,97.0
2020-09-20,106.9,82.1,88.82,56.99999999999999,65.0,82.0,152.0,60.0,86.0,103.0,78.2608696,91.0
2020-09-21,103.85,79.03,82.68,52.0,68.0,88.0,151.0,53.0,52.0,113.0,103.030303,96.0
2020-09-22,106.02,79.07,85.61,51.0,64.0,86.0,137.0,53.0,52.0,113.0,102.7027027,99.0
2020-09-23,105.06,76.77,78.64,49.0,59.0,82.0,93.0,50.0,54.0,115.0,102.6315789,97.0
2020-09-24,104.65,74.67,77.59,49.0,60.0,85.0,99.0,50.0,53.0,115.0,100.0,98.0
2020-09-25,120.22,84.0,89.57,52.0,60.0,87.0,90.0,53.0,55.0,114.0,121.0526316,101.0
2020-09-26,113.59,85.32,107.97,55.00000000000001,60.0,83.0,82.0,57.0,84.0,106.0,100.0,94.0
2020-09-27,95.17,73.91,73.97,52.0,60.0,79.0,90.0,55.0,84.0,106.0,69.5652174,88.0
2020-09-28,97.89,74.13,75.83,49.0,67.0,87.0,130.0,52.0,54.0,114.0,93.9393939,95.0
2020-09-29,100.24,74.72,77.08,49.0,62.0,85.0,110.0,51.0,54.0,115.0,102.7027027,96.0
2020-09-30,101.79,75.83,75.36,50.0,61.0,83.0,92.0,51.0,54.0,115.0,102.6315789,101.0
2020-10-01,101.58,74.27,78.72,50.0,63.0,88.0,110.0,51.0,56.0,115.0,94.8717949,87.0
2020-10-02,111.55,78.77,76.5,52.0,53.0,80.0,65.0,51.0,56.0,116.0,123.6842105,102.0
2020-10-03,106.19,83.45,99.95,55.00000000000001,58.0,84.0,68.0,56.0,83.0,108.0,96.4285714,94.0
2020-10-04,89.34,71.61,61.23,51.0,55.0,74.0,55.0,52.0,83.0,107.0,69.5652174,82.0
2020-10-05,95.56,72.35,69.69,49.0,64.0,87.0,110.0,52.0,55.0,114.0,106.0606061,93.0
2020-10-06,97.6,72.59,72.35,50.0,61.0,85.0,100.0,52.0,54.0,115.0,100.0,98.0
2020-10-07,101.26,76.47,79.69,50.0,61.0,85.0,111.0,51.0,56.0,114.0,94.7368421,98.0
2020-10-08,100.87,74.92,75.52,50.0,59.0,84.0,94.0,50.0,55.0,115.0,94.8717949,97.0
2020-10-09,112.96,83.01,86.49,53.0,59.0,86.0,91.0,53.0,58.0,114.0,110.52631579999999,100.0
2020-10-10,110.04,90.52,109.36,59.0,61.0,84.0,83.0,58.0,86.0,107.0,96.4285714,95.0
2020-10-11,95.6,77.91,79.11,57.99999999999999,64.0,82.0,114.0,59.0,87.0,105.0,78.2608696,88.0
2020-10-12,94.29,69.02,64.86,48.0,60.0,83.0,92.0,51.0,55.0,115.0,106.0606061,97.0
2020-10-13,96.19,70.55,66.32,48.0,57.0,81.0,79.0,50.0,55.0,116.0,108.1081081,97.0
2020-10-14,99.32,72.4,74.73,50.0,60.0,86.0,97.0,51.0,57.0,115.0,102.6315789,97.0
2020-10-15,101.63,71.33,74.45,50.0,61.0,87.0,96.0,51.0,57.0,115.0,107.6923077,98.0
2020-10-16,110.26,81.68,89.0,55.00000000000001,61.0,90.0,97.0,55.0,59.0,114.0,107.8947368,101.0
2020-10-17,98.71,78.48,93.09,51.0,57.0,84.0,86.0,53.0,85.0,108.0,78.5714286,88.0
2020-10-18,88.18,70.35,70.3,51.0,60.0,82.0,108.0,54.0,85.0,107.0,65.2173913,75.0
2020-10-19,91.25,67.06,66.12,45.0,62.0,86.0,116.0,49.0,54.0,116.0,84.8484848,90.0
2020-10-20,94.43,68.22,68.84,45.0,59.0,85.0,109.0,49.0,54.0,116.0,91.8918919,91.0
2020-10-21,93.27,67.63,63.95,44.0,53.0,79.0,71.0,46.0,54.0,118.0,94.7368421,94.0
2020-10-22,95.32,69.62,72.7,46.0,61.0,88.0,111.0,48.0,55.0,116.0,84.6153846,88.0
2020-10-23,108.35,77.23,82.54,48.0,59.0,88.0,95.0,49.0,56.0,116.0,94.7368421,94.0
2020-10-24,99.21,77.92,89.15,53.0,56.0,82.0,73.0,52.0,85.0,108.0,89.2857143,88.0
2020-10-25,89.08,73.78,72.24,54.0,64.0,84.0,100.0,54.0,86.0,106.0,78.2608696,77.0
2020-10-26,99.0,73.45,76.21,47.0,67.0,86.0,119.0,46.0,47.0,117.0,90.9090909,94.0
2020-10-27,99.6,72.86,71.76,45.0,60.0,81.0,75.0,45.0,46.0,118.0,86.4864865,95.0
2020-10-28,103.18,74.47,78.41,46.0,62.0,84.0,97.0,46.0,48.0,118.0,89.47368420000001,95.0
2020-10-29,103.46,74.62,76.18,46.0,59.0,83.0,76.0,44.0,47.0,119.0,84.6153846,93.0
2020-10-30,114.46,84.29,93.84,50.0,61.0,89.0,95.0,49.0,50.0,117.0,100.0,96.0
2020-10-31,100.41,82.43,92.39,54.0,56.0,85.0,67.0,53.0,85.0,108.0,100.0,96.0
2020-11-01,85.62,69.49,66.27,56.00000000000001,66.0,84.0,87.0,57.0,88.0,105.0,91.3043478,94.0
2020-11-02,94.3,70.1,69.72,53.0,72.0,91.0,101.0,52.0,56.0,114.0,124.2424242,102.0
2020-11-03,102.52,74.54,78.72,56.99999999999999,73.0,89.0,90.0,54.0,57.0,114.0,137.8378378,109.0
2020-11-04,113.82,77.69,90.46,60.0,79.0,92.0,110.0,57.0,59.0,112.0,155.2631579,119.0
2020-11-05,70.96,42.21,43.86,28.000000000000004,36.0,82.0,91.0,40.0,50.0,121.0,66.66666670000001,83.0
2020-11-06,70.95,42.07,47.61,26.0,35.0,85.0,88.0,40.0,51.0,122.0,65.7894737,75.0
2020-11-07,64.96,41.63,58.68,26.0,34.0,82.0,102.0,38.0,67.0,115.0,53.5714286,59.0
2020-11-08,56.61,41.48,44.93,28.000000000000004,34.0,77.0,107.0,38.0,65.0,112.0,39.1304348,51.0
2020-11-09,70.53,45.85,47.35,30.0,41.0,81.0,104.0,42.0,49.0,120.0,84.8484848,77.0
2020-11-10,72.66,45.65,50.01,28.999999999999996,39.0,84.0,104.0,42.0,49.0,120.0,75.6756757,77.0
2020-11-11,73.82,46.05,49.05,28.000000000000004,38.0,83.0,93.0,41.0,50.0,121.0,78.9473684,80.0
2020-11-12,72.27,45.31,50.42,28.000000000000004,39.0,87.0,106.0,41.0,49.0,121.0,71.7948718,76.0
2020-11-13,75.77,47.1,52.87,28.000000000000004,37.0,89.0,94.0,42.0,51.0,121.0,71.0526316,75.0
2020-11-14,64.76,42.87,47.59,26.0,31.0,79.0,54.0,36.0,65.0,116.0,57.1428571,62.0
2020-11-15,57.54,43.37,41.56,28.999999999999996,34.0,78.0,91.0,39.0,64.0,112.0,47.826086999999994,56.0
2020-11-16,69.89,45.65,45.86,30.0,41.0,83.0,97.0,42.0,49.0,120.0,78.7878788,79.0
2020-11-17,72.13,45.76,48.57,28.999999999999996,39.0,84.0,96.0,42.0,49.0,120.0,75.6756757,79.0
2020-11-18,74.51,45.9,48.86,28.000000000000004,38.0,83.0,94.0,41.0,50.0,121.0,76.3157895,76.0
2020-11-19,71.58,44.27,45.9,28.000000000000004,37.0,84.0,85.0,40.0,49.0,122.0,69.2307692,76.0
2020-11-20,77.21,47.17,49.86,28.000000000000004,36.0,87.0,75.0,41.0,51.0,122.0,76.3157895,77.0
2020-11-21,72.28,48.9,60.62,31.0,35.0,84.0,86.0,41.0,68.0,114.0,60.7142857,66.0
2020-11-22,61.97,46.69,50.46,33.0,38.0,82.0,124.0,42.0,67.0,111.0,52.173913,59.0
2020-11-23,70.82,47.97,47.52,31.0,42.0,84.0,103.0,42.0,50.0,120.0,81.8181818,78.0
2020-11-24,72.57,47.62,49.11,28.999999999999996,40.0,84.0,99.0,42.0,49.0,120.0,72.972973,81.0
2020-11-25,73.6,46.59,48.94,28.999999999999996,38.0,82.0,88.0,41.0,51.0,121.0,76.3157895,78.0
2020-11-26,75.05,47.5,49.83,28.999999999999996,40.0,85.0,97.0,41.0,50.0,121.0,76.9230769,80.0
2020-11-27,78.72,50.13,53.58,30.0,39.0,88.0,86.0,42.0,51.0,121.0,76.3157895,80.0
2020-11-28,74.14,51.71,62.97,32.0,37.0,84.0,84.0,42.0,70.0,114.0,60.7142857,68.0
2020-11-29,61.4,47.2,46.66,32.0,37.0,79.0,97.0,41.0,68.0,111.0,47.826086999999994,60.0
2020-11-30,73.13,50.61,49.0,32.0,44.0,84.0,90.0,43.0,51.0,119.0,84.8484848,80.0
2020-12-01,75.64,52.95,52.09,33.0,43.0,86.0,96.0,43.0,52.0,119.0,81.0810811,83.0
2020-12-02,85.08,60.57,61.11,41.0,57.0,87.0,87.0,47.0,58.0,117.0,102.6315789,93.0
2020-12-03,91.53,63.77,60.56,44.0,54.0,82.0,66.0,47.0,56.0,118.0,117.94871789999999,98.0
2020-12-04,100.68,74.48,79.75,48.0,58.0,91.0,76.0,51.0,58.0,116.0,107.8947368,94.0
2020-12-05,99.5,82.08,104.39,55.00000000000001,62.0,90.0,86.0,58.0,86.0,108.0,107.1428571,94.0
2020-12-06,79.81,66.9,67.1,52.0,62.0,85.0,89.0,56.0,85.0,107.0,82.6086957,86.0
2020-12-07,85.69,64.8,63.17,45.0,62.0,88.0,87.0,49.0,55.0,116.0,109.0909091,96.0
2020-12-08,89.22,64.62,66.55,45.0,59.0,88.0,85.0,49.0,56.0,116.0,108.1081081,97.0
2020-12-09,90.29,66.81,70.08,46.0,58.0,88.0,86.0,48.0,57.0,116.0,97.3684211,99.0
2020-12-10,92.98,67.78,73.19,47.0,59.0,89.0,88.0,49.0,56.0,117.0,100.0,96.0
2020-12-11,102.72,79.32,89.89,50.0,58.0,91.0,87.0,52.0,58.0,116.0,102.6315789,101.0
2020-12-12,99.6,84.59,109.65,54.0,59.0,89.0,82.0,58.0,85.0,108.0,96.4285714,96.0
2020-12-13,78.38,66.44,63.74,50.0,56.0,82.0,68.0,53.0,84.0,108.0,78.2608696,86.0
2020-12-14,91.85,69.28,69.37,47.0,63.0,88.0,90.0,49.0,53.0,116.0,115.1515152,101.0
2020-12-15,100.14,73.29,83.69,49.0,68.0,93.0,99.0,52.0,54.0,115.0,113.5135135,108.0
2020-12-16,85.35,56.77,56.48,36.0,49.0,88.0,81.0,44.0,52.0,119.0,86.8421053,98.0
2020-12-17,85.92,57.6,61.61,35.0,51.0,94.0,102.0,44.0,50.0,119.0,79.4871795,88.0
2020-12-18,91.24,60.39,63.41,34.0,47.0,91.0,74.0,44.0,48.0,120.0,84.2105263,88.0
2020-12-19,81.28,53.79,59.2,32.0,47.0,90.0,70.0,49.0,78.0,111.0,89.2857143,82.0
2020-12-20,54.32,39.87,35.91,24.0,35.0,82.0,94.0,41.0,72.0,110.0,47.826086999999994,61.0
2020-12-21,65.7,40.4,42.0,23.0,42.0,95.0,81.0,34.0,37.0,123.0,60.6060606,79.0
2020-12-22,66.68,37.09,43.99,22.0,42.0,97.0,89.0,33.0,35.0,124.0,54.0540541,78.0
2020-12-23,66.6,37.33,42.38,21.0,41.0,104.0,79.0,32.0,35.0,125.0,55.263157899999996,79.0
2020-12-24,53.87,31.69,35.16,19.0,39.0,103.0,94.0,28.0,28.0,127.0,48.7179487,73.0
2020-12-25,24.49,15.54,16.04,6.0,8.0,16.0,73.0,8.0,12.0,137.0,10.526315799999992,55.0
2020-12-26,35.03,29.42,23.8,14.000000000000002,15.0,42.0,58.0,21.0,44.0,120.0,25.0,46.0
2020-12-27,44.03,32.85,31.41,20.0,29.0,68.0,92.0,32.0,65.0,112.0,39.1304348,49.0
2020-12-28,47.38,34.62,31.79,20.0,32.0,69.0,96.0,22.0,20.0,131.0,24.242424200000002,57.0
2020-12-29,55.36,36.66,40.39,22.0,35.0,79.0,89.0,27.0,28.0,128.0,32.432432399999996,65.0
2020-12-30,56.66,36.48,42.37,22.0,36.0,86.0,102.0,27.0,29.0,128.0,36.84210530000001,67.0
2020-12-31,56.06,34.43,40.5,20.0,35.0,93.0,88.0,26.0,27.0,129.0,35.89743589999999,70.0
2021-01-01,37.11,26.45,24.67,14.000000000000002,15.0,39.0,69.0,16.0,16.0,136.0,,52.0
2021-01-02,51.87,34.41,39.95,18.0,26.0,69.0,74.0,28.0,58.0,118.0,,48.0
2021-01-03,48.8,36.62,34.26,22.0,28.0,67.0,80.0,32.0,66.0,113.0,,48.0
2021-01-04,56.42,37.35,37.69,23.0,34.0,75.0,68.0,31.0,39.0,125.0,48.4848485,67.0
2021-01-05,55.83,33.89,36.55,20.0,30.0,71.0,59.0,29.0,37.0,127.0,45.9459459,68.0
2021-01-06,55.46,33.01,38.63,19.0,30.0,73.0,80.0,29.0,38.0,127.0,44.7368421,64.0
2021-01-07,55.56,32.43,38.41,19.0,30.0,73.0,81.0,29.0,38.0,128.0,41.025641,62.0
2021-01-08,60.09,33.25,40.69,18.0,28.0,72.0,66.0,29.0,39.0,128.0,44.7368421,62.0
2021-01-09,55.17,32.92,47.75,18.0,27.0,73.0,76.0,30.0,63.0,117.0,46.428571399999996,48.0
2021-01-10,46.18,32.37,34.23,19.0,26.0,66.0,71.0,29.0,63.0,114.0,34.7826087,43.99999999999999
2021-01-11,56.6,33.47,39.13,21.0,33.0,72.0,81.0,30.0,38.0,126.0,51.5151515,69.0
2021-01-12,56.94,33.13,39.06,19.0,30.0,70.0,72.0,29.0,37.0,127.0,48.6486486,66.0
2021-01-13,56.7,32.94,37.09,18.0,28.0,68.0,58.0,28.0,37.0,127.0,47.3684211,67.0
2021-01-14,58.55,32.44,35.69,18.0,26.0,67.0,53.0,27.0,36.0,128.0,51.2820513,65.0
2021-01-15,62.92,34.1,42.63,18.0,28.0,74.0,74.0,29.0,38.0,127.0,50.0,64.0
2021-01-16,54.63,32.99,42.88,17.0,24.0,69.0,54.0,28.0,60.0,118.0,46.428571399999996,50.0
2021-01-17,49.5,34.13,41.98,22.0,29.0,70.0,106.0,32.0,63.0,113.0,43.478260899999995,44.99999999999999
2021-01-18,57.92,35.14,40.21,21.0,32.0,71.0,85.0,30.0,37.0,125.0,54.5454545,70.0
2021-01-19,58.75,34.67,40.42,20.0,30.0,70.0,73.0,29.0,36.0,126.0,51.3513514,69.0
2021-01-20,58.32,34.23,37.51,19.0,27.0,67.0,59.0,28.0,37.0,127.0,50.0,69.0
2021-01-21,59.56,34.56,41.91,19.0,30.0,74.0,87.0,29.0,37.0,127.0,46.153846200000004,66.0
2021-01-22,65.0,36.62,47.02,20.0,30.0,76.0,92.0,31.0,40.0,126.0,52.6315789,68.0
2021-01-23,60.13,36.39,51.08,21.0,28.0,75.0,79.0,31.0,63.0,116.0,53.5714286,54.0
2021-01-24,43.39,33.49,30.88,20.0,24.0,63.0,92.0,28.0,60.0,114.0,56.521739100000005,41.0
2021-01-25,57.91,36.19,40.03,22.0,33.0,74.0,94.0,31.0,38.0,125.0,63.6363636,71.0
2021-01-26,59.33,34.67,38.45,20.0,30.0,70.0,67.0,29.0,37.0,126.0,56.756756800000005,70.0
2021-01-27,60.77,35.25,40.39,19.0,30.0,73.0,77.0,29.0,38.0,126.0,55.263157899999996,70.0
2021-01-28,62.65,36.32,42.0,19.0,31.0,76.0,86.0,30.0,38.0,126.0,61.538461500000004,70.0
2021-01-29,66.91,37.29,45.03,20.0,30.0,79.0,78.0,32.0,40.0,126.0,57.894736800000004,71.0
2021-01-30,59.13,35.55,39.81,19.0,25.0,71.0,41.0,29.0,61.0,117.0,53.5714286,58.0
2021-01-31,52.26,36.12,38.67,22.0,30.0,73.0,87.0,32.0,63.0,113.0,47.826086999999994,50.0
2021-02-01,60.93,36.41,41.27,22.0,34.0,75.0,85.0,32.0,38.0,124.0,60.6060606,71.0
2021-02-02,61.73,35.92,42.94,21.0,33.0,76.0,90.0,32.0,38.0,125.0,59.4594595,71.0
2021-02-03,62.0,36.51,41.89,20.0,31.0,74.0,77.0,30.0,39.0,126.0,55.263157899999996,68.0
2021-02-04,62.63,36.67,40.74,20.0,31.0,74.0,73.0,29.0,39.0,126.0,53.8461538,72.0
2021-02-05,69.13,39.61,49.91,21.0,33.0,84.0,102.0,32.0,41.0,125.0,63.1578947,72.0
2021-02-06,63.34,38.97,50.46,21.0,30.0,78.0,72.0,32.0,64.0,115.0,60.7142857,60.0
2021-02-07,46.89,35.3,29.99,21.0,25.0,65.0,52.0,28.0,60.0,114.0,43.478260899999995,48.0
2021-02-08,55.97,36.45,36.16,24.0,31.0,71.0,82.0,30.0,37.0,125.0,66.66666670000001,69.0
2021-02-09,57.29,35.8,37.43,22.0,30.0,72.0,73.0,29.0,37.0,126.0,56.756756800000005,70.0
2021-02-10,61.59,37.72,41.01,22.0,33.0,79.0,81.0,30.0,39.0,126.0,57.894736800000004,72.0
2021-02-11,62.55,37.17,40.46,21.0,32.0,79.0,76.0,30.0,39.0,126.0,58.974359,71.0
2021-02-12,69.87,39.56,44.48,21.0,32.0,82.0,71.0,32.0,41.0,126.0,65.7894737,75.0
2021-02-13,69.81,39.98,50.41,22.0,31.0,83.0,68.0,33.0,64.0,115.0,78.5714286,65.0
2021-02-14,57.13,37.2,40.69,22.0,32.0,76.0,78.0,33.0,65.0,113.0,56.521739100000005,58.0
2021-02-15,69.33,41.63,45.97,24.0,38.0,80.0,109.0,33.0,37.0,123.0,84.8484848,78.0
2021-02-16,67.93,41.12,45.19,22.0,35.0,79.0,81.0,32.0,37.0,125.0,67.5675676,78.0
2021-02-17,70.04,42.83,46.66,22.0,34.0,78.0,79.0,32.0,38.0,125.0,68.4210526,79.0
2021-02-18,69.91,42.44,48.34,22.0,35.0,82.0,100.0,32.0,38.0,125.0,61.538461500000004,75.0
2021-02-19,75.56,45.28,52.67,23.0,34.0,84.0,91.0,33.0,40.0,125.0,71.0526316,77.0
2021-02-20,72.74,46.48,65.02,27.0,35.0,84.0,113.0,38.0,67.0,114.0,78.5714286,66.0
2021-02-21,59.23,43.4,48.76,27.0,35.0,77.0,128.0,37.0,68.0,111.0,60.8695652,57.0
2021-02-22,66.33,44.78,45.27,25.0,37.0,78.0,89.0,34.0,41.0,123.0,69.6969697,75.0
2021-02-23,68.99,45.54,50.2,25.0,38.0,82.0,118.0,34.0,41.0,123.0,67.5675676,78.0
2021-02-24,70.56,46.37,51.03,24.0,36.0,82.0,116.0,34.0,42.0,124.0,65.7894737,78.0
2021-02-25,70.85,45.48,48.58,23.0,35.0,83.0,97.0,33.0,42.0,125.0,61.538461500000004,76.0
2021-02-26,83.8,50.27,60.31,26.0,38.0,91.0,134.0,37.0,44.0,123.0,84.2105263,79.0
2021-02-27,80.29,53.59,73.42,30.0,37.0,88.0,131.0,40.0,70.0,112.0,89.2857143,73.0
2021-02-28,63.11,46.88,49.09,28.000000000000004,36.0,80.0,118.0,38.0,69.0,111.0,60.8695652,61.0
2021-03-01,70.42,48.31,49.69,27.0,40.0,84.0,114.0,35.0,42.0,122.0,72.7272727,79.0
2021-03-02,71.12,47.79,50.38,25.0,37.0,82.0,102.0,34.0,41.0,123.0,64.8648649,79.0
2021-03-03,71.38,47.4,46.07,24.0,34.0,78.0,75.0,33.0,42.0,124.0,68.4210526,81.0
2021-03-04,71.18,46.73,48.14,24.0,35.0,84.0,85.0,33.0,42.0,124.0,64.1025641,78.0
2021-03-05,79.2,51.26,54.69,26.0,36.0,89.0,93.0,36.0,45.0,124.0,73.6842105,80.0
2021-03-06,76.13,52.48,63.49,28.000000000000004,35.0,86.0,87.0,38.0,69.0,114.0,78.5714286,72.0
2021-03-07,64.25,49.76,49.73,28.999999999999996,37.0,83.0,123.0,38.0,70.0,111.0,69.5652174,62.0
2021-03-08,73.8,50.74,51.24,28.999999999999996,42.0,89.0,117.0,39.0,44.0,120.0,93.9393939,83.0
2021-03-09,76.82,52.16,57.03,28.999999999999996,41.0,88.0,138.0,40.0,45.0,120.0,97.2972973,85.0
2021-03-10,75.16,49.11,45.28,26.0,33.0,80.0,67.0,36.0,46.0,122.0,86.8421053,84.0
2021-03-11,76.79,49.57,49.19,27.0,37.0,89.0,93.0,38.0,46.0,122.0,89.7435897,82.0
2021-03-12,,,,28.000000000000004,36.0,93.0,95.0,40.0,49.0,121.0,94.7368421,83.0
2021-03-13,78.81,53.45,61.13,28.999999999999996,35.0,91.0,81.0,39.0,70.0,113.0,89.2857143,75.0
2021-03-14,65.83,48.39,46.93,30.0,36.0,85.0,103.0,40.0,75.0,110.0,82.6086957,67.0
2021-03-15,73.93,52.2,49.95,30.0,41.0,86.0,109.0,40.0,47.0,119.0,96.969697,84.0
2021-03-16,76.86,51.9,51.65,28.999999999999996,38.0,86.0,102.0,40.0,46.0,120.0,94.5945946,86.0
2021-03-17,78.51,52.34,51.93,28.999999999999996,37.0,87.0,101.0,39.0,48.0,120.0,94.7368421,86.0
2021-03-18,77.77,50.62,50.19,28.000000000000004,36.0,88.0,91.0,39.0,47.0,121.0,87.1794872,84.0
2021-03-19,85.65,55.68,61.16,31.0,39.0,95.0,129.0,43.0,50.0,119.0,102.6315789,86.0
2021-03-20,79.59,56.87,69.02,31.0,35.0,87.0,97.0,40.0,71.0,113.0,78.5714286,74.0
2021-03-21,66.23,52.32,52.14,32.0,37.0,84.0,131.0,41.0,73.0,110.0,65.2173913,65.0
2021-03-22,76.51,54.86,56.03,32.0,44.0,92.0,158.0,42.0,48.0,118.0,96.969697,85.0
2021-03-23,78.59,55.32,55.31,30.0,40.0,89.0,125.0,41.0,47.0,119.0,86.4864865,85.0
2021-03-24,79.4,54.49,54.48,28.999999999999996,39.0,89.0,115.0,40.0,49.0,120.0,86.8421053,85.0
2021-03-25,79.82,53.97,52.96,28.999999999999996,38.0,91.0,107.0,40.0,48.0,121.0,89.7435897,86.0
2021-03-26,86.78,56.96,55.54,30.0,36.0,92.0,86.0,41.0,50.0,121.0,92.1052632,89.0
2021-03-27,85.63,65.12,73.11,34.0,38.0,91.0,112.0,43.0,72.0,112.0,89.2857143,79.0
2021-03-28,69.74,57.44,50.14,32.0,34.0,80.0,101.0,39.0,70.0,111.0,60.8695652,68.0
2021-03-29,85.77,64.47,65.44,38.0,47.0,95.0,198.0,44.0,48.0,117.0,100.0,90.0
2021-03-30,95.24,74.29,78.52,41.0,45.0,96.0,218.0,45.0,48.0,116.0,108.1081081,98.0
2021-03-31,92.64,69.84,69.4,38.0,43.0,96.0,160.0,44.0,49.0,118.0,97.3684211,100.0
2021-04-01,95.13,68.39,66.07,38.0,46.0,106.0,147.0,43.0,46.0,118.0,102.5641026,101.0
2021-04-02,84.47,69.07,66.06,39.0,38.0,94.0,145.0,33.0,26.0,126.0,57.894736800000004,80.0
2021-04-03,80.92,64.87,63.38,36.0,35.0,93.0,99.0,41.0,66.0,111.0,78.5714286,77.0
2021-04-04,68.8,60.01,56.55,41.0,31.0,64.0,181.0,47.0,69.0,106.0,78.2608696,77.0
2021-04-05,74.81,64.44,52.2,35.0,39.0,82.0,148.0,28.0,21.0,126.0,42.4242424,84.0
2021-04-06,87.79,68.6,61.56,35.0,41.0,90.0,114.0,39.0,40.0,121.0,81.0810811,94.0
2021-04-07,93.4,69.83,62.76,35.0,40.0,88.0,112.0,39.0,42.0,121.0,81.5789474,92.0
2021-04-08,91.64,67.72,64.08,34.0,41.0,90.0,127.0,39.0,42.0,121.0,76.9230769,90.0
2021-04-09,99.31,69.65,67.94,35.0,39.0,93.0,132.0,42.0,45.0,120.0,89.47368420000001,92.0
2021-04-10,86.83,67.18,63.04,35.0,34.0,87.0,80.0,42.0,72.0,112.0,78.5714286,80.0
2021-04-11,84.14,72.76,61.03,42.0,39.0,85.0,135.0,46.0,75.0,108.0,78.2608696,75.0
2021-04-12,97.72,84.92,82.02,50.0,66.0,95.0,136.0,48.0,44.0,116.0,106.0606061,101.0
2021-04-13,95.95,81.06,80.63,47.0,58.0,93.0,128.0,46.0,43.0,117.0,89.1891892,99.0
2021-04-14,97.65,80.83,81.54,47.0,57.0,94.0,132.0,46.0,44.0,118.0,92.1052632,99.0
2021-04-15,100.54,81.71,79.6,47.0,55.0,93.0,113.0,45.0,45.0,118.0,97.4358974,97.0
2021-04-16,107.87,88.86,91.77,50.0,55.0,97.0,133.0,49.0,47.0,116.0,100.0,99.0
2021-04-17,104.86,95.19,107.05,57.99999999999999,54.0,94.0,133.0,58.0,78.0,106.0,110.7142857,99.0
2021-04-18,93.54,82.39,77.32,55.00000000000001,57.0,92.0,161.0,58.0,80.0,105.0,104.3478261,93.0
2021-04-19,93.38,78.93,74.08,48.0,60.0,97.0,166.0,50.0,53.0,115.0,,99.0
2021-04-20,98.36,84.01,80.72,49.0,56.0,95.0,143.0,50.0,53.0,115.0,,97.0
2021-04-21,97.86,78.48,74.89,47.0,55.0,94.0,124.0,48.0,54.0,116.0,,100.0
2021-04-22,99.48,80.37,79.18,49.0,57.0,97.0,144.0,49.0,55.0,115.0,,98.0
2021-04-23,109.81,90.53,90.51,54.0,56.0,100.0,144.0,52.0,57.0,114.0,,100.0
2021-04-24,109.36,97.3,110.76,60.0,56.0,96.0,138.0,58.0,80.0,105.0,,99.0
2021-04-25,91.7,80.41,72.72,55.00000000000001,57.0,90.0,133.0,54.0,80.0,106.0,,88.0
2021-04-26,93.48,77.24,69.02,47.0,59.0,96.0,142.0,49.0,55.0,115.0,,97.0
2021-04-27,98.37,79.75,74.56,49.0,57.0,94.0,134.0,50.0,54.0,115.0,,101.0
2021-04-28,98.01,76.66,68.54,47.0,51.0,91.0,95.0,48.0,55.0,116.0,,101.0
2021-04-29,99.76,79.27,75.49,50.0,56.0,98.0,119.0,49.0,55.0,115.0,,99.0
2021-04-30,112.42,90.7,87.56,53.0,57.0,102.0,119.0,53.0,58.0,114.0,,107.0
2021-05-01,107.69,100.07,102.57,60.0,56.0,96.0,106.0,57.0,79.0,106.0,,100.0
2021-05-02,88.55,83.57,78.84,60.0,58.0,89.0,124.0,56.0,80.0,104.0,,92.0
2021-05-03,89.96,82.0,66.06,51.0,60.0,84.0,126.0,35.0,23.0,123.0,,103.0
2021-05-04,96.37,79.26,68.85,48.0,53.0,95.0,102.0,49.0,54.0,116.0,,103.0
2021-05-05,99.18,79.79,72.09,48.0,53.0,93.0,107.0,49.0,56.0,116.0,,99.0
2021-05-06,99.17,80.37,80.91,50.0,57.0,100.0,126.0,50.0,55.0,115.0,,99.0
2021-05-07,106.77,88.37,84.86,53.0,56.0,98.0,126.0,52.0,59.0,114.0,,99.0
2021-05-08,99.25,92.42,86.08,54.0,49.0,90.0,70.0,50.0,79.0,109.0,,93.0
2021-05-09,94.94,87.09,77.85,59.0,60.0,91.0,150.0,57.0,83.0,105.0,,89.0
2021-05-10,94.54,81.68,70.72,49.0,60.0,96.0,134.0,50.0,55.0,114.0,,99.0
2021-05-11,99.36,83.78,76.49,51.0,59.0,96.0,131.0,51.0,56.0,114.0,,104.0
2021-05-12,98.44,83.64,77.98,51.0,60.0,99.0,132.0,51.0,56.0,114.0,,96.0
2021-05-13,100.26,81.06,73.46,51.0,54.0,94.0,104.0,49.0,53.0,115.0,,104.0
2021-05-14,107.89,92.75,86.18,54.0,56.0,99.0,115.0,52.0,58.0,114.0,,102.0
2021-05-15,107.73,100.39,101.76,59.0,55.0,94.0,91.0,56.0,79.0,107.0,,100.0
2021-05-16,92.01,84.5,66.55,53.0,55.0,88.0,90.0,52.0,82.0,107.0,,89.0
2021-05-17,99.83,89.37,76.6,56.00000000000001,64.0,92.0,110.0,52.0,56.0,114.0,,103.0
2021-05-18,103.29,91.5,83.84,56.99999999999999,63.0,95.0,115.0,53.0,56.0,113.0,,106.0
2021-05-19,103.39,93.08,88.89,57.99999999999999,63.0,96.0,122.0,53.0,58.0,113.0,,108.0
2021-05-20,108.03,95.55,89.23,59.0,62.0,97.0,104.0,51.0,58.0,114.0,,108.0
2021-05-21,139.02,110.96,102.68,63.0,59.0,96.0,85.0,55.0,60.0,113.0,,113.0
2021-05-22,121.76,120.35,135.84,69.0,63.0,95.0,98.0,63.0,84.0,104.0,,109.0
2021-05-23,101.31,100.95,84.71,66.0,63.0,87.0,98.0,59.0,85.0,104.0,,105.0
2021-05-24,101.41,93.99,78.4,55.00000000000001,63.0,95.0,107.0,51.0,57.0,114.0,,104.0
2021-05-25,104.1,97.67,87.67,56.99999999999999,63.0,97.0,112.0,52.0,57.0,113.0,,106.0
2021-05-26,107.84,100.52,94.09,59.0,64.0,98.0,124.0,53.0,59.0,113.0,,106.0
2021-05-27,114.48,105.49,102.89,63.0,70.0,101.0,147.0,54.0,60.0,112.0,,110.0
2021-05-28,146.78,126.33,122.15,67.0,68.0,103.0,121.0,58.0,61.0,110.0,,111.0
2021-05-29,141.2,144.61,162.5,75.0,67.0,97.0,130.0,68.0,85.0,101.0,,112.0
2021-05-30,117.15,123.53,128.99,78.0,75.0,94.0,167.0,69.0,86.0,99.0,,110.0
2021-05-31,118.58,126.95,119.79,71.0,79.0,93.0,240.0,45.0,24.0,114.0,,123.0
2021-06-01,126.36,121.8,118.75,61.0,72.0,103.0,173.0,52.0,47.0,112.0,,116.0
2021-06-02,125.26,122.55,118.88,62.0,70.0,100.0,161.0,52.0,49.0,113.0,,110.0
2021-06-03,129.34,120.2,122.45,,72.0,102.0,164.0,52.0,49.0,113.0,,110.0
2021-06-04,149.11,124.67,113.33,,61.0,92.0,80.0,52.0,51.0,114.0,,110.0
2021-06-05,132.43,138.7,155.6,,,,,,,,,110.0
2021-06-06,110.19,111.32,97.28,,,,,,,,,112.0
2021-06-07,110.65,108.69,96.8,,,,,,,,,104.0
2021-06-08,114.84,111.81,104.24,,,,,,,,,108.0
2021-06-09,117.05,115.0,108.97,,,,,,,,,106.0
